group_id,course_code,req_type,group_logic,path_id
1,ACMB10H3,PREREQ,OR,1
2,ACMC01H3,PREREQ,AND,1
3,ACMC01H3,COREQ,OR,1
4,ACMD01H3,PREREQ,OR,1
5,ACMD01H3,COREQ,OR,1
6,ACMD02H3,PREREQ,OR,1
7,ACMD02H3,COREQ,OR,1
8,ACMD91H3,PREREQ,AND,1
9,ACMD92H3,PREREQ,AND,1
10,ACMD93Y3,PREREQ,AND,1
11,ACMD94H3,PREREQ,AND,1
12,ACMD98H3,PREREQ,AND,1
13,ACMD99H3,PREREQ,AND,1
14,AFSC03H3,PREREQ,OR,1
15,AFSC03H3,PREREQ,OR,2
16,AFSC19H3,PREREQ,OR,1
17,AFSC52H3,PREREQ,OR,1
18,AFSC52H3,PREREQ,OR,2
19,AFSC55H3,PREREQ,OR,1
20,AFSC55H3,PREREQ,OR,2
21,AFSC70H3,PREREQ,OR,1
22,AFSC70H3,PREREQ,OR,2
23,AFSD07H3,PREREQ,OR,1
24,AFSD07H3,PREREQ,OR,2
25,AFSD16H3,PREREQ,OR,1
26,AFSD16H3,PREREQ,OR,2
27,AFSD20H3,PREREQ,OR,1
28,AFSD20H3,PREREQ,OR,2
29,AFSD51H3,PREREQ,OR,1
30,AFSD52H3,PREREQ,OR,1
31,AFSD53H3,PREREQ,OR,1
32,AFSD53H3,PREREQ,AND,2
33,ANTB02H3,PREREQ,OR,1
34,ANTB02H3,PREREQ,OR,2
35,ANTB14H3,PREREQ,OR,1
36,ANTB15H3,PREREQ,OR,1
37,ANTB19H3,PREREQ,OR,1
38,ANTB19H3,PREREQ,OR,2
39,ANTB20H3,PREREQ,OR,1
40,ANTB20H3,PREREQ,OR,2
41,ANTB35H3,PREREQ,OR,1
42,ANTB35H3,PREREQ,OR,2
43,ANTB35H3,PREREQ,OR,3
44,ANTB36H3,PREREQ,OR,1
45,ANTB36H3,PREREQ,OR,2
46,ANTB42H3,PREREQ,OR,1
47,ANTB42H3,PREREQ,AND,2
48,ANTB64H3,PREREQ,OR,1
49,ANTB80H3,PREREQ,OR,1
50,ANTC07H3,PREREQ,OR,1
51,ANTC07H3,PREREQ,OR,2
52,ANTC09H3,PREREQ,OR,1
53,ANTC09H3,PREREQ,OR,2
54,ANTC10H3,PREREQ,OR,1
55,ANTC10H3,PREREQ,OR,2
56,ANTC14H3,PREREQ,OR,1
57,ANTC14H3,PREREQ,OR,2
58,ANTC15H3,PREREQ,OR,1
59,ANTC16H3,PREREQ,OR,1
60,ANTC18H3,PREREQ,OR,1
61,ANTC19H3,PREREQ,OR,1
62,ANTC19H3,PREREQ,OR,2
63,ANTC20H3,PREREQ,OR,1
64,ANTC21H3,PREREQ,OR,1
65,ANTC21H3,PREREQ,OR,2
66,ANTC22H3,PREREQ,OR,1
67,ANTC22H3,PREREQ,OR,2
68,ANTC24H3,PREREQ,OR,1
69,ANTC24H3,PREREQ,OR,2
70,ANTC25H3,PREREQ,OR,1
71,ANTC25H3,PREREQ,OR,2
72,ANTC27H3,PREREQ,OR,1
73,ANTC28H3,PREREQ,OR,1
74,ANTC28H3,PREREQ,OR,2
75,ANTC28H3,PREREQ,OR,3
76,ANTC28H3,PREREQ,OR,4
77,ANTC28H3,PREREQ,OR,5
78,ANTC28H3,PREREQ,OR,6
79,ANTC30H3,PREREQ,OR,1
80,ANTC31H3,PREREQ,OR,1
81,ANTC32H3,PREREQ,OR,1
82,ANTC32H3,PREREQ,OR,2
83,ANTC33H3,PREREQ,OR,1
84,ANTC33H3,PREREQ,OR,2
85,ANTC34H3,PREREQ,OR,1
86,ANTC34H3,PREREQ,OR,2
87,ANTC44H3,PREREQ,OR,1
88,ANTC44H3,PREREQ,OR,2
89,ANTC47H3,PREREQ,OR,1
90,ANTC48H3,PREREQ,OR,1
91,ANTC52H3,PREREQ,OR,1
92,ANTC52H3,PREREQ,OR,2
93,ANTC53H3,PREREQ,OR,1
94,ANTC53H3,PREREQ,OR,2
95,ANTC53H3,PREREQ,OR,3
96,ANTC53H3,PREREQ,OR,4
97,ANTC53H3,PREREQ,AND,5
98,ANTC55H3,PREREQ,AND,1
99,ANTC58H3,PREREQ,OR,1
100,ANTC58H3,PREREQ,OR,2
101,ANTC58H3,PREREQ,OR,3
102,ANTC59H3,PREREQ,OR,1
103,ANTC61H3,PREREQ,OR,1
104,ANTC61H3,PREREQ,OR,2
105,ANTC65H3,PREREQ,OR,1
106,ANTC65H3,PREREQ,OR,2
107,ANTC66H3,PREREQ,OR,1
108,ANTC69H3,PREREQ,OR,1
109,ANTC69H3,PREREQ,OR,2
110,ANTC70H3,PREREQ,OR,1
111,ANTC71H3,PREREQ,AND,1
112,ANTC71H3,PREREQ,OR,2
113,ANTC71H3,PREREQ,OR,3
114,ANTC71H3,PREREQ,OR,4
115,ANTC80H3,PREREQ,OR,1
116,ANTC80H3,PREREQ,OR,2
117,ANTC88H3,PREREQ,OR,1
118,ANTC88H3,PREREQ,OR,2
119,ANTC90H3,PREREQ,AND,1
120,ANTC99H3,PREREQ,OR,1
121,ANTD04H3,PREREQ,OR,1
122,ANTD05H3,PREREQ,OR,1
123,ANTD05H3,PREREQ,AND,2
124,ANTD05H3,PREREQ,OR,3
125,ANTD06H3,PREREQ,OR,1
126,ANTD07H3,PREREQ,OR,1
127,ANTD10H3,PREREQ,OR,1
128,ANTD13H3,PREREQ,OR,1
129,ANTD15H3,PREREQ,OR,1
130,ANTD16H3,PREREQ,OR,1
131,ANTD17H3,PREREQ,OR,1
132,ANTD17H3,PREREQ,OR,2
133,ANTD18H3,PREREQ,OR,1
134,ANTD19H3,PREREQ,OR,1
135,ANTD19H3,PREREQ,OR,2
136,ANTD20H3,PREREQ,OR,1
137,ANTD22H3,PREREQ,OR,1
138,ANTD25H3,PREREQ,OR,1
139,ANTD26H3,PREREQ,OR,1
140,ANTD26H3,PREREQ,AND,2
141,ANTD26H3,PREREQ,AND,3
142,ANTD33H3,PREREQ,OR,1
143,ANTD33H3,PREREQ,OR,2
144,ANTD33H3,PREREQ,OR,3
145,ANTD33H3,PREREQ,OR,4
146,ANTD35H3,PREREQ,OR,1
147,ANTD40H3,PREREQ,OR,1
148,ANTD41H3,PREREQ,OR,1
149,ANTD50H3,PREREQ,OR,1
150,ANTD60H3,PREREQ,AND,1
151,ANTD70H3,PREREQ,AND,1
152,ANTD71H3,PREREQ,OR,1
153,ANTD71H3,PREREQ,OR,2
154,ANTD71H3,PREREQ,OR,3
155,ANTD98H3,PREREQ,OR,1
156,ANTD99H3,PREREQ,OR,1
157,ASTB03H3,PREREQ,OR,1
158,ASTB23H3,PREREQ,AND,1
159,ASTB23H3,COREQ,OR,1
160,ASTC02H3,PREREQ,OR,1
161,ASTC25H3,PREREQ,OR,1
162,ASTC25H3,COREQ,OR,1
163,BIOA01H3,PREREQ,OR,1
164,BIOA01H3,PREREQ,AND,2
165,BIOA01H3,PREREQ,AND,3
166,BIOA01H3,PREREQ,OR,4
167,BIOA01H3,PREREQ,OR,5
168,BIOA02H3,PREREQ,OR,1
169,BIOA02H3,PREREQ,AND,2
170,BIOA02H3,PREREQ,AND,3
171,BIOA02H3,PREREQ,OR,4
172,BIOA02H3,PREREQ,OR,5
173,BIOB10H3,PREREQ,OR,1
174,BIOB11H3,PREREQ,OR,1
175,BIOB12H3,PREREQ,OR,1
176,BIOB12H3,COREQ,OR,1
177,BIOB20H3,PREREQ,OR,1
178,BIOB33H3,PREREQ,OR,1
179,BIOB33H3,PREREQ,OR,2
180,BIOB34H3,PREREQ,OR,1
181,BIOB35H3,PREREQ,OR,1
182,BIOB38H3,PREREQ,OR,1
183,BIOB50H3,PREREQ,OR,1
184,BIOB51H3,PREREQ,OR,1
185,BIOB52H3,PREREQ,OR,1
186,BIOB52H3,COREQ,OR,1
187,BIOB98H3,PREREQ,OR,1
188,BIOB99H3,PREREQ,OR,1
189,BIOC10H3,PREREQ,OR,1
190,BIOC12H3,PREREQ,OR,1
191,BIOC13H3,PREREQ,OR,1
192,BIOC14H3,PREREQ,OR,1
193,BIOC15H3,PREREQ,OR,1
194,BIOC16H3,PREREQ,OR,1
195,BIOC17H3,PREREQ,OR,1
196,BIOC18H3,PREREQ,OR,1
197,BIOC19H3,PREREQ,OR,1
198,BIOC20H3,PREREQ,OR,1
199,BIOC21H3,PREREQ,OR,1
200,BIOC23H3,PREREQ,OR,1
201,BIOC29H3,PREREQ,OR,1
202,BIOC30H3,PREREQ,OR,1
203,BIOC31H3,PREREQ,OR,1
204,BIOC32H3,PREREQ,OR,1
205,BIOC34H3,PREREQ,OR,1
206,BIOC35H3,PREREQ,OR,1
207,BIOC37H3,PREREQ,OR,1
208,BIOC39H3,PREREQ,OR,1
209,BIOC40H3,PREREQ,OR,1
210,BIOC44H3,PREREQ,OR,1
211,BIOC50H3,PREREQ,OR,1
212,BIOC51H3,PREREQ,OR,1
213,BIOC54H3,PREREQ,OR,1
214,BIOC58H3,PREREQ,OR,1
215,BIOC59H3,PREREQ,OR,1
216,BIOC60H3,PREREQ,OR,1
217,BIOC61H3,PREREQ,OR,1
218,BIOC62H3,PREREQ,OR,1
219,BIOC63H3,PREREQ,OR,1
220,BIOC65H3,PREREQ,OR,1
221,BIOC70H3,PREREQ,OR,1
222,BIOC70H3,PREREQ,AND,2
223,BIOC90H3,PREREQ,OR,1
224,BIOC99H3,PREREQ,OR,1
225,BIOC99H3,PREREQ,AND,2
226,BIOD06H3,PREREQ,OR,1
227,BIOD06H3,PREREQ,OR,2
228,BIOD07H3,PREREQ,OR,1
229,BIOD07H3,PREREQ,OR,2
230,BIOD08H3,PREREQ,OR,1
231,BIOD08H3,PREREQ,AND,2
232,BIOD12H3,PREREQ,OR,1
233,BIOD13H3,PREREQ,OR,1
234,BIOD15H3,PREREQ,OR,1
235,BIOD17H3,PREREQ,OR,1
236,BIOD18H3,PREREQ,OR,1
237,BIOD19H3,PREREQ,OR,1
238,BIOD20H3,PREREQ,OR,1
239,BIOD21H3,PREREQ,OR,1
240,BIOD21H3,COREQ,OR,1
241,BIOD22H3,PREREQ,OR,1
242,BIOD23H3,PREREQ,OR,1
243,BIOD24H3,PREREQ,OR,1
244,BIOD25H3,PREREQ,OR,1
245,BIOD26H3,PREREQ,OR,1
246,BIOD27H3,PREREQ,OR,1
247,BIOD29H3,PREREQ,OR,1
248,BIOD30H3,PREREQ,OR,1
249,BIOD33H3,PREREQ,OR,1
250,BIOD33H3,PREREQ,OR,2
251,BIOD34H3,PREREQ,OR,1
252,BIOD36H3,PREREQ,OR,1
253,BIOD37H3,PREREQ,OR,1
254,BIOD43H3,PREREQ,OR,1
255,BIOD43H3,PREREQ,OR,2
256,BIOD45H3,PREREQ,OR,1
257,BIOD48H3,PREREQ,OR,1
258,BIOD52H3,PREREQ,OR,1
259,BIOD53H3,PREREQ,OR,1
260,BIOD54H3,PREREQ,OR,1
261,BIOD55H3,PREREQ,OR,1
262,BIOD59H3,PREREQ,OR,1
263,BIOD60H3,PREREQ,OR,1
264,BIOD62H3,PREREQ,OR,1
265,BIOD63H3,PREREQ,OR,1
266,BIOD65H3,PREREQ,OR,1
267,BIOD66H3,PREREQ,OR,1
268,BIOD67H3,PREREQ,OR,1
269,BIOD98Y3,PREREQ,OR,1
270,BIOD98Y3,PREREQ,AND,2
271,BIOD99Y3,PREREQ,OR,1
272,BIOD99Y3,PREREQ,AND,2
273,CHMA11H3,PREREQ,OR,1
274,CHMA12H3,PREREQ,OR,1
275,CHMA12H3,PREREQ,AND,2
276,CHMB16H3,PREREQ,AND,1
277,CHMB20H3,PREREQ,AND,1
278,CHMB21H3,PREREQ,OR,1
279,CHMB23H3,PREREQ,AND,1
280,CHMB31H3,PREREQ,OR,1
281,CHMB41H3,PREREQ,OR,1
282,CHMB42H3,PREREQ,AND,1
283,CHMB43Y3,PREREQ,OR,1
284,CHMB55H3,PREREQ,OR,1
285,CHMB62H3,PREREQ,AND,1
286,CHMC11H3,PREREQ,OR,1
287,CHMC16H3,PREREQ,OR,1
288,CHMC20H3,PREREQ,OR,1
289,CHMC21H3,PREREQ,OR,1
290,CHMC31Y3,PREREQ,AND,1
291,CHMC42H3,PREREQ,OR,1
292,CHMC47H3,PREREQ,OR,1
293,CHMC71H3,PREREQ,OR,1
294,CHMD11H3,PREREQ,OR,1
295,CHMD16H3,PREREQ,OR,1
296,CHMD41H3,PREREQ,OR,1
297,CHMD47H3,PREREQ,OR,1
298,CHMD59H3,PREREQ,AND,1
299,CHMD69H3,PREREQ,OR,1
300,CHMD69H3,PREREQ,AND,2
301,CHMD89H3,PREREQ,OR,1
302,CHMD90Y3,PREREQ,OR,1
303,CHMD91H3,PREREQ,OR,1
304,CITB01H3,PREREQ,OR,1
305,CITB01H3,PREREQ,OR,2
306,CITB03H3,PREREQ,OR,1
307,CITB03H3,PREREQ,OR,2
308,CITB04H3,PREREQ,OR,1
309,CITB04H3,PREREQ,OR,2
310,CITB04H3,PREREQ,AND,3
311,CITB04H3,PREREQ,AND,4
312,CITB05H3,PREREQ,OR,1
313,CITB07H3,PREREQ,OR,1
314,CITB08H3,PREREQ,OR,1
315,CITB08H3,PREREQ,OR,2
316,CITC01H3,PREREQ,OR,1
317,CITC01H3,PREREQ,OR,2
318,CITC02H3,PREREQ,OR,1
319,CITC03H3,PREREQ,OR,1
320,CITC03H3,PREREQ,OR,2
321,CITC04H3,PREREQ,OR,1
322,CITC04H3,PREREQ,OR,2
323,CITC07H3,PREREQ,OR,1
324,CITC07H3,PREREQ,OR,2
325,CITC08H3,PREREQ,OR,1
326,CITC08H3,PREREQ,OR,2
327,CITC09H3,PREREQ,OR,1
328,CITC09H3,PREREQ,OR,2
329,CITC10H3,PREREQ,OR,1
330,CITC10H3,PREREQ,OR,2
331,CITC12H3,PREREQ,OR,1
332,CITC12H3,PREREQ,OR,2
333,CITC14H3,PREREQ,OR,1
334,CITC14H3,PREREQ,OR,2
335,CITC15H3,PREREQ,OR,1
336,CITC15H3,PREREQ,OR,2
337,CITC16H3,PREREQ,OR,1
338,CITC16H3,PREREQ,OR,2
339,CITC17H3,PREREQ,OR,1
340,CITC17H3,PREREQ,OR,2
341,CITC18H3,PREREQ,AND,1
342,CITC18H3,PREREQ,OR,2
343,CITC54H3,PREREQ,OR,1
344,CITD01H3,PREREQ,AND,1
345,CITD05H3,PREREQ,AND,1
346,CITD06H3,PREREQ,AND,1
347,CITD10H3,PREREQ,AND,1
348,CITD12H3,PREREQ,AND,1
349,CITD30H3,PREREQ,AND,1
350,CLAC01H3,PREREQ,OR,1
351,CLAC01H3,PREREQ,OR,2
352,CLAC01H3,PREREQ,OR,3
353,CLAC02H3,PREREQ,OR,1
354,CLAC02H3,PREREQ,OR,2
355,CLAC05H3,PREREQ,OR,1
356,CLAC05H3,PREREQ,OR,2
357,CLAC11H3,PREREQ,OR,1
358,CLAC11H3,PREREQ,OR,2
359,CLAC12H3,PREREQ,OR,1
360,CLAC12H3,PREREQ,OR,2
361,CLAC22H3,PREREQ,OR,1
362,CLAC22H3,PREREQ,OR,2
363,CLAC24H3,PREREQ,OR,1
364,CLAC24H3,PREREQ,OR,2
365,CLAC26H3,PREREQ,OR,1
366,CLAC26H3,PREREQ,OR,2
367,CLAC67H3,PREREQ,OR,1
368,CLAC67H3,PREREQ,OR,2
369,CLAC68H3,PREREQ,OR,1
370,CLAC68H3,PREREQ,OR,2
371,CLAC68H3,PREREQ,OR,3
372,CLAC94H3,PREREQ,OR,1
373,CLAC94H3,PREREQ,OR,2
374,CLAC94H3,PREREQ,OR,3
375,CLAD05H3,PREREQ,OR,1
376,CLAD05H3,PREREQ,OR,2
377,CLAD69H3,PREREQ,OR,1
378,CLAD69H3,PREREQ,OR,2
379,CLAD69H3,PREREQ,AND,3
380,CLAD69H3,PREREQ,OR,4
381,COPB10Y3,PREREQ,OR,1
382,COPB11H3,PREREQ,OR,1
383,COPB12H3,PREREQ,OR,1
384,COPB13H3,PREREQ,OR,1
385,COPB14H3,PREREQ,OR,1
386,COPB31H3,PREREQ,OR,1
387,COPB33H3,PREREQ,OR,1
388,COPB33H3,PREREQ,OR,2
389,COPB50H3,PREREQ,AND,1
390,COPB54H3,PREREQ,AND,1
391,COPB56H3,PREREQ,AND,1
392,COPB56H3,PREREQ,OR,2
393,COPB57H3,PREREQ,AND,1
394,COPB57H3,PREREQ,OR,2
395,COPB58H3,PREREQ,AND,1
396,COPB59H3,PREREQ,AND,1
397,COPC01H3,PREREQ,AND,1
398,COPC02H3,PREREQ,AND,1
399,COPC03H3,PREREQ,AND,1
400,COPC04H3,PREREQ,AND,1
401,COPC05H3,PREREQ,AND,1
402,COPC99H3,PREREQ,AND,1
403,CRTB01H3,PREREQ,OR,1
404,CRTC72H3,PREREQ,OR,1
405,CRTC80H3,PREREQ,OR,1
406,CRTD43H3,PREREQ,OR,1
407,CRTD44H3,PREREQ,OR,1
408,CSCA08H3,PREREQ,AND,1
409,CSCA08H3,PREREQ,OR,2
410,CSCA48H3,PREREQ,OR,1
411,CSCA67H3,PREREQ,AND,1
412,CSCB07H3,PREREQ,OR,1
413,CSCB07H3,PREREQ,OR,2
414,CSCB07H3,PREREQ,OR,3
415,CSCB09H3,PREREQ,OR,1
416,CSCB09H3,PREREQ,OR,2
417,CSCB09H3,PREREQ,OR,3
418,CSCB20H3,PREREQ,OR,1
419,CSCB20H3,PREREQ,OR,2
420,CSCB36H3,PREREQ,OR,1
421,CSCB36H3,PREREQ,AND,2
422,CSCB36H3,PREREQ,OR,3
423,CSCB36H3,PREREQ,OR,4
424,CSCB58H3,PREREQ,AND,1
425,CSCB58H3,PREREQ,OR,2
426,CSCB58H3,PREREQ,OR,3
427,CSCB63H3,PREREQ,OR,1
428,CSCB63H3,PREREQ,OR,2
429,CSCB63H3,PREREQ,OR,3
430,CSCB63H3,COREQ,OR,1
431,CSCC01H3,PREREQ,AND,1
432,CSCC01H3,PREREQ,OR,2
433,CSCC01H3,PREREQ,OR,3
434,CSCC09H3,PREREQ,OR,1
435,CSCC09H3,PREREQ,OR,2
436,CSCC09H3,COREQ,OR,1
437,CSCC10H3,PREREQ,OR,1
438,CSCC10H3,PREREQ,OR,2
439,CSCC11H3,PREREQ,OR,1
440,CSCC11H3,PREREQ,OR,2
441,CSCC11H3,PREREQ,OR,3
442,CSCC24H3,PREREQ,OR,1
443,CSCC24H3,PREREQ,OR,2
444,CSCC37H3,PREREQ,AND,1
445,CSCC37H3,PREREQ,OR,2
446,CSCC37H3,PREREQ,OR,3
447,CSCC43H3,PREREQ,OR,1
448,CSCC43H3,PREREQ,OR,2
449,CSCC46H3,PREREQ,AND,1
450,CSCC46H3,PREREQ,OR,2
451,CSCC63H3,PREREQ,OR,1
452,CSCC63H3,PREREQ,OR,2
453,CSCC63H3,PREREQ,OR,3
454,CSCC69H3,PREREQ,OR,1
455,CSCC69H3,PREREQ,OR,2
456,CSCC73H3,PREREQ,OR,1
457,CSCC73H3,PREREQ,OR,2
458,CSCC73H3,PREREQ,OR,3
459,CSCC85H3,PREREQ,OR,1
460,CSCC85H3,PREREQ,OR,2
461,CSCD01H3,PREREQ,OR,1
462,CSCD01H3,PREREQ,OR,2
463,CSCD03H3,PREREQ,AND,1
464,CSCD03H3,PREREQ,AND,2
465,CSCD18H3,PREREQ,AND,1
466,CSCD18H3,PREREQ,OR,2
467,CSCD21H3,PREREQ,OR,1
468,CSCD25H3,PREREQ,OR,1
469,CSCD25H3,PREREQ,OR,2
470,CSCD27H3,PREREQ,OR,1
471,CSCD27H3,PREREQ,OR,2
472,CSCD37H3,PREREQ,OR,1
473,CSCD37H3,PREREQ,OR,2
474,CSCD37H3,PREREQ,OR,3
475,CSCD43H3,PREREQ,OR,1
476,CSCD43H3,PREREQ,OR,2
477,CSCD54H3,PREREQ,OR,1
478,CSCD54H3,PREREQ,OR,2
479,CSCD54H3,COREQ,OR,1
480,CSCD58H3,PREREQ,OR,1
481,CSCD58H3,PREREQ,OR,2
482,CSCD70H3,PREREQ,OR,1
483,CSCD70H3,PREREQ,OR,2
484,CSCD84H3,PREREQ,OR,1
485,CSCD84H3,PREREQ,OR,2
486,CSCD90H3,PREREQ,OR,1
487,CSCD90H3,PREREQ,OR,2
488,CSCD90H3,COREQ,OR,1
489,CSCD92H3,PREREQ,OR,1
490,CSCD94H3,PREREQ,AND,1
491,CSCD94H3,PREREQ,OR,2
492,CSCD95H3,PREREQ,OR,1
493,CTLA01H3,PREREQ,AND,1
494,CTLA02H3,PREREQ,AND,1
495,CTLB03H3,PREREQ,AND,1
496,CTLB03H3,PREREQ,OR,2
497,DTSB02H3,PREREQ,OR,1
498,ECTB66H3,PREREQ,AND,1
499,ECTC60H3,PREREQ,OR,1
500,ECTC61H3,PREREQ,OR,1
501,ECTC62H3,PREREQ,AND,1
502,ECTC63H3,PREREQ,AND,1
503,ECTC64H3,PREREQ,OR,1
504,ECTC65H3,PREREQ,OR,1
505,ECTC66H3,PREREQ,AND,1
506,ECTC67H3,PREREQ,AND,1
507,ECTD60H3,PREREQ,OR,1
508,ECTD63H3,PREREQ,OR,1
509,ECTD65H3,PREREQ,OR,1
510,ECTD66H3,PREREQ,AND,1
511,ECTD67H3,PREREQ,AND,1
512,ECTD68H3,PREREQ,AND,1
513,ECTD69H3,PREREQ,AND,1
514,ECTD70H3,PREREQ,OR,1
515,EESB02H3,PREREQ,OR,1
516,EESB03H3,PREREQ,AND,1
517,EESB04H3,PREREQ,OR,1
518,EESB05H3,PREREQ,OR,1
519,EESB15H3,PREREQ,OR,1
520,EESB16H3,PREREQ,OR,1
521,EESB17H3,PREREQ,OR,1
522,EESB19H3,PREREQ,OR,1
523,EESB20H3,PREREQ,OR,1
524,EESB22H3,PREREQ,OR,1
525,EESB26H3,PREREQ,OR,1
526,EESB26H3,COREQ,OR,1
527,EESC02H3,PREREQ,OR,1
528,EESC02H3,PREREQ,OR,2
529,EESC03H3,PREREQ,OR,1
530,EESC03H3,COREQ,OR,1
531,EESC04H3,PREREQ,OR,1
532,EESC07H3,PREREQ,OR,1
533,EESC13H3,PREREQ,OR,1
534,EESC13H3,COREQ,OR,1
535,EESC16H3,PREREQ,OR,1
536,EESC18H3,PREREQ,OR,1
537,EESC19H3,PREREQ,OR,1
538,EESC20H3,PREREQ,OR,1
539,EESC22H3,PREREQ,OR,1
540,EESC25H3,PREREQ,OR,1
541,EESC26H3,PREREQ,AND,1
542,EESC30H3,PREREQ,OR,1
543,EESC31H3,PREREQ,OR,1
544,EESC33H3,PREREQ,OR,1
545,EESC33H3,PREREQ,AND,2
546,EESC34H3,PREREQ,OR,1
547,EESC36H3,PREREQ,OR,1
548,EESC37H3,PREREQ,AND,1
549,EESC38H3,PREREQ,OR,1
550,EESD02H3,PREREQ,OR,1
551,EESD06H3,PREREQ,OR,1
552,EESD07H3,PREREQ,OR,1
553,EESD09H3,PREREQ,OR,1
554,EESD10Y3,PREREQ,OR,1
555,EESD11H3,PREREQ,OR,1
556,EESD13H3,PREREQ,OR,1
557,EESD15H3,PREREQ,OR,1
558,EESD16H3,PREREQ,OR,1
559,EESD17Y3,PREREQ,OR,1
560,EESD18H3,PREREQ,OR,1
561,EESD19H3,PREREQ,OR,1
562,EESD20H3,PREREQ,OR,1
563,EESD20H3,PREREQ,OR,2
564,EESD21H3,PREREQ,AND,1
565,EESD28H3,PREREQ,AND,1
566,EESD31H3,PREREQ,OR,1
567,EESD33H3,PREREQ,OR,1
568,ENGA03H3,PREREQ,OR,1
569,ENGA03H3,PREREQ,OR,2
570,ENGB01H3,PREREQ,OR,1
571,ENGB29H3,PREREQ,OR,1
572,ENGB29H3,PREREQ,OR,2
573,ENGB60H3,PREREQ,OR,1
574,ENGB60H3,PREREQ,OR,2
575,ENGB61H3,PREREQ,OR,1
576,ENGB61H3,PREREQ,OR,2
577,ENGB63H3,PREREQ,OR,1
578,ENGB63H3,PREREQ,OR,2
579,ENGB72H3,PREREQ,OR,1
580,ENGC02H3,PREREQ,OR,1
581,ENGC03H3,PREREQ,OR,1
582,ENGC04H3,PREREQ,OR,1
583,ENGC05H3,PREREQ,OR,1
584,ENGC06H3,PREREQ,OR,1
585,ENGC07H3,PREREQ,OR,1
586,ENGC07H3,PREREQ,AND,2
587,ENGC08H3,PREREQ,OR,1
588,ENGC09H3,PREREQ,OR,1
589,ENGC10H3,PREREQ,OR,1
590,ENGC11H3,PREREQ,OR,1
591,ENGC12H3,PREREQ,OR,1
592,ENGC13H3,PREREQ,OR,1
593,ENGC14H3,PREREQ,OR,1
594,ENGC15H3,PREREQ,OR,1
595,ENGC16H3,PREREQ,OR,1
596,ENGC17H3,PREREQ,OR,1
597,ENGC18H3,PREREQ,OR,1
598,ENGC19H3,PREREQ,OR,1
599,ENGC20H3,PREREQ,OR,1
600,ENGC21H3,PREREQ,OR,1
601,ENGC22H3,PREREQ,OR,1
602,ENGC23H3,PREREQ,OR,1
603,ENGC24H3,PREREQ,OR,1
604,ENGC25H3,PREREQ,OR,1
605,ENGC26H3,PREREQ,OR,1
606,ENGC26H3,PREREQ,OR,2
607,ENGC27H3,PREREQ,OR,1
608,ENGC27H3,PREREQ,AND,2
609,ENGC28H3,PREREQ,OR,1
610,ENGC29H3,PREREQ,OR,1
611,ENGC30H3,PREREQ,OR,1
612,ENGC31H3,PREREQ,OR,1
613,ENGC33H3,PREREQ,OR,1
614,ENGC34H3,PREREQ,OR,1
615,ENGC34H3,PREREQ,OR,2
616,ENGC35H3,PREREQ,OR,1
617,ENGC36H3,PREREQ,OR,1
618,ENGC37H3,PREREQ,OR,1
619,ENGC38H3,PREREQ,OR,1
620,ENGC39H3,PREREQ,OR,1
621,ENGC40H3,PREREQ,OR,1
622,ENGC41H3,PREREQ,OR,1
623,ENGC42H3,PREREQ,OR,1
624,ENGC43H3,PREREQ,OR,1
625,ENGC45H3,PREREQ,OR,1
626,ENGC46H3,PREREQ,OR,1
627,ENGC47H3,PREREQ,OR,1
628,ENGC48H3,PREREQ,OR,1
629,ENGC49H3,PREREQ,OR,1
630,ENGC50H3,PREREQ,OR,1
631,ENGC51H3,PREREQ,OR,1
632,ENGC54H3,PREREQ,OR,1
633,ENGC59H3,PREREQ,OR,1
634,ENGC59H3,PREREQ,AND,2
635,ENGC60H3,PREREQ,OR,1
636,ENGC61H3,PREREQ,OR,1
637,ENGC62H3,PREREQ,OR,1
638,ENGC69H3,PREREQ,OR,1
639,ENGC70H3,PREREQ,OR,1
640,ENGC71H3,PREREQ,OR,1
641,ENGC74H3,PREREQ,OR,1
642,ENGC79H3,PREREQ,OR,1
643,ENGC80H3,PREREQ,OR,1
644,ENGC86H3,PREREQ,OR,1
645,ENGC87H3,PREREQ,OR,1
646,ENGC88H3,PREREQ,OR,1
647,ENGC89H3,PREREQ,AND,1
648,ENGC90H3,PREREQ,OR,1
649,ENGC91H3,PREREQ,OR,1
650,ENGD02Y3,PREREQ,AND,1
651,ENGD05H3,PREREQ,OR,1
652,ENGD07H3,PREREQ,OR,1
653,ENGD07H3,PREREQ,OR,2
654,ENGD08H3,PREREQ,OR,1
655,ENGD08H3,PREREQ,OR,2
656,ENGD08H3,PREREQ,OR,3
657,ENGD13H3,PREREQ,OR,1
658,ENGD19H3,PREREQ,OR,1
659,ENGD22H3,PREREQ,AND,1
660,ENGD26Y3,PREREQ,AND,1
661,ENGD27Y3,PREREQ,AND,1
662,ENGD28Y3,PREREQ,OR,1
663,ENGD28Y3,PREREQ,AND,2
664,ENGD29H3,PREREQ,OR,1
665,ENGD31H3,PREREQ,OR,1
666,ENGD33H3,PREREQ,OR,1
667,ENGD33H3,PREREQ,AND,2
668,ENGD42H3,PREREQ,OR,1
669,ENGD42H3,PREREQ,OR,2
670,ENGD48H3,PREREQ,OR,1
671,ENGD50H3,PREREQ,OR,1
672,ENGD53H3,PREREQ,OR,1
673,ENGD54H3,PREREQ,OR,1
674,ENGD54H3,PREREQ,OR,2
675,ENGD55H3,PREREQ,OR,1
676,ENGD55H3,PREREQ,OR,2
677,ENGD57H3,PREREQ,OR,1
678,ENGD57H3,PREREQ,OR,2
679,ENGD58H3,PREREQ,OR,1
680,ENGD58H3,PREREQ,OR,2
681,ENGD71H3,PREREQ,OR,1
682,ENGD71H3,PREREQ,OR,2
683,ENGD80H3,PREREQ,OR,1
684,ENGD80H3,PREREQ,OR,2
685,ENGD84H3,PREREQ,OR,1
686,ENGD89H3,PREREQ,OR,1
687,ENGD90H3,PREREQ,AND,1
688,ENGD95H3,PREREQ,OR,1
689,ENGD98Y3,PREREQ,OR,1
690,ENGD98Y3,PREREQ,OR,2
691,ESTB02H3,PREREQ,OR,1
692,ESTB02H3,PREREQ,OR,2
693,ESTB04H3,PREREQ,OR,1
694,ESTB05H3,PREREQ,OR,1
695,ESTC34H3,PREREQ,OR,1
696,ESTC35H3,PREREQ,OR,1
697,ESTC36H3,PREREQ,OR,1
698,ESTC37H3,PREREQ,OR,1
699,ESTC38H3,PREREQ,OR,1
700,ESTC40H3,PREREQ,OR,1
701,ESTD16H3,PREREQ,OR,1
702,ESTD17Y3,PREREQ,OR,1
703,ESTD18H3,PREREQ,OR,1
704,ESTD19H3,PREREQ,AND,1
705,ESTD20H3,PREREQ,OR,1
706,FLMC44H3,PREREQ,OR,1
707,FLMC55H3,PREREQ,OR,1
708,FLMC55H3,PREREQ,OR,2
709,FLMC56H3,PREREQ,OR,1
710,FLMC75H3,PREREQ,OR,1
711,FLMC78H3,PREREQ,OR,1
712,FLMC81H3,PREREQ,OR,1
713,FLMC81H3,PREREQ,OR,2
714,FLMC81H3,PREREQ,OR,3
715,FLMC82H3,PREREQ,OR,1
716,FLMC83H3,PREREQ,OR,1
717,FLMC83H3,PREREQ,AND,2
718,FLMC84H3,PREREQ,OR,1
719,FLMC92H3,PREREQ,OR,1
720,FLMC93H3,PREREQ,OR,1
721,FLMC94H3,PREREQ,OR,1
722,FLMC95H3,PREREQ,OR,1
723,FLMD52H3,PREREQ,OR,1
724,FLMD52H3,PREREQ,OR,2
725,FLMD62H3,PREREQ,OR,1
726,FLMD62H3,PREREQ,OR,2
727,FLMD91H3,PREREQ,OR,1
728,FLMD91H3,PREREQ,OR,2
729,FLMD93H3,PREREQ,OR,1
730,FLMD93H3,PREREQ,OR,2
731,FLMD94H3,PREREQ,OR,1
732,FLMD94H3,PREREQ,OR,2
733,FLMD96H3,PREREQ,OR,1
734,FLMD96H3,PREREQ,OR,2
735,FREA01H3,PREREQ,OR,1
736,FREA01H3,PREREQ,OR,2
737,FREA02H3,PREREQ,OR,1
738,FREA97H3,PREREQ,OR,1
739,FREA98H3,PREREQ,OR,1
740,FREA99H3,PREREQ,OR,1
741,FREA99H3,PREREQ,OR,2
742,FREB01H3,PREREQ,OR,1
743,FREB01H3,PREREQ,OR,2
744,FREB02H3,PREREQ,OR,1
745,FREB08H3,PREREQ,OR,1
746,FREB08H3,PREREQ,OR,2
747,FREB11H3,PREREQ,OR,1
748,FREB11H3,PREREQ,OR,2
749,FREB17H3,PREREQ,OR,1
750,FREB17H3,PREREQ,OR,2
751,FREB18H3,PREREQ,OR,1
752,FREB18H3,PREREQ,OR,2
753,FREB20H3,PREREQ,OR,1
754,FREB20H3,PREREQ,OR,2
755,FREB22H3,PREREQ,OR,1
756,FREB22H3,PREREQ,OR,2
757,FREB27H3,PREREQ,OR,1
758,FREB27H3,PREREQ,OR,2
759,FREB28H3,PREREQ,OR,1
760,FREB28H3,PREREQ,OR,2
761,FREB35H3,PREREQ,OR,1
762,FREB35H3,PREREQ,OR,2
763,FREB36H3,PREREQ,OR,1
764,FREB37H3,PREREQ,OR,1
765,FREB44H3,PREREQ,OR,1
766,FREB44H3,PREREQ,OR,2
767,FREB45H3,PREREQ,OR,1
768,FREB46H3,PREREQ,OR,1
769,FREB50H3,PREREQ,OR,1
770,FREB50H3,PREREQ,OR,2
771,FREB50H3,COREQ,OR,1
772,FREB51H3,PREREQ,OR,1
773,FREB51H3,PREREQ,OR,2
774,FREB55H3,PREREQ,OR,1
775,FREB55H3,PREREQ,OR,2
776,FREB70H3,PREREQ,OR,1
777,FREB70H3,PREREQ,OR,2
778,FREB84H3,PREREQ,OR,1
779,FREB84H3,PREREQ,OR,2
780,FREC01H3,PREREQ,OR,1
781,FREC01H3,PREREQ,OR,2
782,FREC02H3,PREREQ,OR,1
783,FREC03H3,PREREQ,OR,1
784,FREC04H3,PREREQ,OR,1
785,FREC10H3,PREREQ,OR,1
786,FREC10H3,PREREQ,OR,2
787,FREC10H3,COREQ,OR,1
788,FREC11H3,PREREQ,OR,1
789,FREC11H3,PREREQ,AND,2
790,FREC18H3,PREREQ,OR,1
791,FREC18H3,PREREQ,OR,2
792,FREC18H3,COREQ,OR,1
793,FREC44H3,PREREQ,OR,1
794,FREC46H3,PREREQ,OR,1
795,FREC47H3,PREREQ,OR,1
796,FREC47H3,PREREQ,OR,2
797,FREC48H3,PREREQ,OR,1
798,FREC48H3,PREREQ,AND,2
799,FREC54H3,PREREQ,OR,1
800,FREC57H3,PREREQ,AND,1
801,FREC58H3,PREREQ,OR,1
802,FREC63H3,PREREQ,AND,1
803,FREC64H3,PREREQ,OR,1
804,FREC70H3,PREREQ,OR,1
805,FREC70H3,PREREQ,OR,2
806,FREC83H3,PREREQ,OR,1
807,FREC83H3,PREREQ,AND,2
808,FRED01H3,PREREQ,OR,1
809,FRED06H3,PREREQ,OR,1
810,FRED13H3,PREREQ,OR,1
811,FRED14H3,PREREQ,AND,1
812,FRED28H3,PREREQ,OR,1
813,FSTC02H3,PREREQ,OR,1
814,FSTC02H3,PREREQ,OR,2
815,FSTC05H3,PREREQ,OR,1
816,FSTC05H3,PREREQ,OR,2
817,FSTC05H3,PREREQ,OR,3
818,FSTC13H3,PREREQ,OR,1
819,FSTC13H3,PREREQ,OR,2
820,FSTC15H3,PREREQ,OR,1
821,FSTC29H3,PREREQ,OR,1
822,FSTC43H3,PREREQ,OR,1
823,FSTC54H3,PREREQ,OR,1
824,FSTC54H3,PREREQ,OR,2
825,FSTC54H3,PREREQ,OR,3
826,FSTD01H3,PREREQ,AND,1
827,FSTD02H3,PREREQ,OR,1
828,FSTD10H3,PREREQ,OR,1
829,FSTD11H3,PREREQ,OR,1
830,FSTD12H3,PREREQ,OR,1
831,FSTD16H3,PREREQ,OR,1
832,GASB05H3,PREREQ,AND,1
833,GASB12H3,PREREQ,OR,1
834,GASB12H3,PREREQ,OR,2
835,GASB42H3,PREREQ,OR,1
836,GASB42H3,PREREQ,OR,2
837,GASB42H3,PREREQ,OR,3
838,GASB42H3,PREREQ,OR,4
839,GASB42H3,PREREQ,AND,5
840,GASB58H3,PREREQ,OR,1
841,GASB73H3,PREREQ,OR,1
842,GASC13H3,PREREQ,OR,1
843,GASC13H3,PREREQ,OR,2
844,GASC13H3,PREREQ,AND,3
845,GASC13H3,PREREQ,OR,4
846,GASC20H3,PREREQ,AND,1
847,GASC33H3,PREREQ,OR,1
848,GASC40H3,PREREQ,OR,1
849,GASC41H3,PREREQ,OR,1
850,GASC42H3,PREREQ,OR,1
851,GASC43H3,PREREQ,OR,1
852,GASC45H3,PREREQ,OR,1
853,GASC48H3,PREREQ,OR,1
854,GASC48H3,PREREQ,OR,2
855,GASC48H3,PREREQ,OR,3
856,GASC50H3,PREREQ,OR,1
857,GASC50H3,PREREQ,OR,2
858,GASC50H3,PREREQ,OR,3
859,GASC51H3,PREREQ,AND,1
860,GASC51H3,PREREQ,AND,2
861,GASC53H3,PREREQ,OR,1
862,GASC53H3,PREREQ,OR,2
863,GASC53H3,PREREQ,OR,3
864,GASC57H3,PREREQ,OR,1
865,GASC57H3,PREREQ,OR,2
866,GASC57H3,PREREQ,OR,3
867,GASC59H3,PREREQ,OR,1
868,GASC59H3,PREREQ,OR,2
869,GASC59H3,PREREQ,OR,3
870,GASC73H3,PREREQ,OR,1
871,GASC73H3,PREREQ,OR,2
872,GASC73H3,PREREQ,OR,3
873,GASC74H3,PREREQ,OR,1
874,GASC74H3,PREREQ,OR,2
875,GASD01H3,PREREQ,OR,1
876,GASD01H3,PREREQ,OR,2
877,GASD01H3,PREREQ,AND,3
878,GASD01H3,PREREQ,OR,4
879,GASD03H3,PREREQ,OR,1
880,GASD03H3,PREREQ,AND,2
881,GASD06H3,PREREQ,OR,1
882,GASD06H3,PREREQ,OR,2
883,GASD06H3,PREREQ,AND,3
884,GASD06H3,PREREQ,OR,4
885,GASD13H3,PREREQ,OR,1
886,GASD13H3,PREREQ,OR,2
887,GASD13H3,PREREQ,AND,3
888,GASD13H3,PREREQ,OR,4
889,GASD20H3,PREREQ,OR,1
890,GASD20H3,PREREQ,OR,2
891,GASD20H3,PREREQ,OR,3
892,GASD20H3,PREREQ,AND,4
893,GASD30H3,PREREQ,AND,1
894,GASD30H3,PREREQ,AND,2
895,GASD40H3,PREREQ,OR,1
896,GASD40H3,PREREQ,AND,2
897,GASD53H3,PREREQ,OR,1
898,GASD53H3,PREREQ,AND,2
899,GASD54H3,PREREQ,OR,1
900,GASD54H3,PREREQ,OR,2
901,GASD54H3,PREREQ,AND,3
902,GASD54H3,PREREQ,OR,4
903,GASD55H3,PREREQ,OR,1
904,GASD55H3,PREREQ,OR,2
905,GASD55H3,PREREQ,AND,3
906,GASD55H3,PREREQ,OR,4
907,GASD56H3,PREREQ,OR,1
908,GASD56H3,PREREQ,OR,2
909,GASD56H3,PREREQ,OR,3
910,GASD56H3,PREREQ,OR,4
911,GASD58H3,PREREQ,OR,1
912,GASD58H3,PREREQ,OR,2
913,GASD58H3,PREREQ,AND,3
914,GASD58H3,PREREQ,OR,4
915,GASD59H3,PREREQ,OR,1
916,GASD59H3,PREREQ,OR,2
917,GASD59H3,PREREQ,AND,3
918,GASD59H3,PREREQ,OR,4
919,GGRB02H3,PREREQ,OR,1
920,GGRB03H3,PREREQ,OR,1
921,GGRB05H3,PREREQ,OR,1
922,GGRB13H3,PREREQ,OR,1
923,GGRB18H3,PREREQ,OR,1
924,GGRB18H3,PREREQ,OR,2
925,GGRB28H3,PREREQ,OR,1
926,GGRB32H3,PREREQ,OR,1
927,GGRB55H3,PREREQ,OR,1
928,GGRC02H3,PREREQ,OR,1
929,GGRC09H3,PREREQ,OR,1
930,GGRC10H3,PREREQ,OR,1
931,GGRC10H3,PREREQ,OR,2
932,GGRC11H3,PREREQ,OR,1
933,GGRC11H3,PREREQ,OR,2
934,GGRC12H3,PREREQ,OR,1
935,GGRC13H3,PREREQ,OR,1
936,GGRC13H3,PREREQ,OR,2
937,GGRC15H3,PREREQ,OR,1
938,GGRC21H3,PREREQ,OR,1
939,GGRC24H3,PREREQ,OR,1
940,GGRC25H3,PREREQ,OR,1
941,GGRC26H3,PREREQ,OR,1
942,GGRC27H3,PREREQ,OR,1
943,GGRC27H3,PREREQ,OR,2
944,GGRC27H3,PREREQ,AND,3
945,GGRC28H3,PREREQ,OR,1
946,GGRC30H3,PREREQ,OR,1
947,GGRC31H3,PREREQ,OR,1
948,GGRC32H3,PREREQ,OR,1
949,GGRC33H3,PREREQ,OR,1
950,GGRC33H3,PREREQ,OR,2
951,GGRC34H3,PREREQ,OR,1
952,GGRC40H3,PREREQ,OR,1
953,GGRC41H3,PREREQ,OR,1
954,GGRC42H3,PREREQ,OR,1
955,GGRC43H3,PREREQ,OR,1
956,GGRC44H3,PREREQ,OR,1
957,GGRC48H3,PREREQ,OR,1
958,GGRC48H3,PREREQ,OR,2
959,GGRC50H3,PREREQ,OR,1
960,GGRC54H3,PREREQ,OR,1
961,GGRD08H3,PREREQ,OR,1
962,GGRD09H3,PREREQ,OR,1
963,GGRD10H3,PREREQ,OR,1
964,GGRD11H3,PREREQ,OR,1
965,GGRD13H3,PREREQ,OR,1
966,GGRD14H3,PREREQ,OR,1
967,GGRD14H3,PREREQ,OR,2
968,GGRD15H3,PREREQ,OR,1
969,GGRD16H3,PREREQ,OR,1
970,GGRD25H3,PREREQ,OR,1
971,GGRD30H3,PREREQ,OR,1
972,GGRD31H3,PREREQ,OR,1
973,GGRD49H3,PREREQ,OR,1
974,GGRD49H3,PREREQ,OR,2
975,GLBC01H3,PREREQ,OR,1
976,HCSB03H3,PREREQ,OR,1
977,HCSB03H3,PREREQ,OR,2
978,HCSB03H3,PREREQ,OR,3
979,HCSB04H3,PREREQ,OR,1
980,HCSC01H3,PREREQ,OR,1
981,HCSC01H3,PREREQ,AND,2
982,HCSD05H3,PREREQ,AND,1
983,HISB58H3,PREREQ,OR,1
984,HISC01H3,PREREQ,OR,1
985,HISC02H3,PREREQ,OR,1
986,HISC02H3,PREREQ,OR,2
987,HISC03H3,PREREQ,OR,1
988,HISC07H3,PREREQ,OR,1
989,HISC08H3,PREREQ,OR,1
990,HISC08H3,PREREQ,OR,2
991,HISC09H3,PREREQ,OR,1
992,HISC10H3,PREREQ,OR,1
993,HISC10H3,PREREQ,OR,2
994,HISC11H3,PREREQ,OR,1
995,HISC11H3,PREREQ,OR,2
996,HISC16H3,PREREQ,OR,1
997,HISC16H3,PREREQ,OR,2
998,HISC18H3,PREREQ,OR,1
999,HISC20H3,PREREQ,OR,1
1000,HISC20H3,PREREQ,OR,2
1001,HISC22H3,PREREQ,OR,1
1002,HISC22H3,PREREQ,OR,2
1003,HISC29H3,PREREQ,OR,1
1004,HISC29H3,PREREQ,OR,2
1005,HISC30H3,PREREQ,OR,1
1006,HISC30H3,PREREQ,OR,2
1007,HISC32H3,PREREQ,OR,1
1008,HISC32H3,PREREQ,OR,2
1009,HISC33H3,PREREQ,OR,1
1010,HISC34H3,PREREQ,OR,1
1011,HISC36H3,PREREQ,OR,1
1012,HISC36H3,PREREQ,OR,2
1013,HISC36H3,PREREQ,OR,3
1014,HISC45H3,PREREQ,OR,1
1015,HISC46H3,PREREQ,OR,1
1016,HISC46H3,PREREQ,OR,2
1017,HISC51H3,PREREQ,AND,1
1018,HISC51H3,PREREQ,AND,2
1019,HISC52H3,PREREQ,OR,1
1020,HISC52H3,PREREQ,OR,2
1021,HISC55H3,PREREQ,OR,1
1022,HISC55H3,PREREQ,OR,2
1023,HISC56H3,PREREQ,OR,1
1024,HISC56H3,PREREQ,OR,2
1025,HISC56H3,PREREQ,OR,3
1026,HISC57H3,PREREQ,OR,1
1027,HISC57H3,PREREQ,OR,2
1028,HISC57H3,PREREQ,OR,3
1029,HISC58H3,PREREQ,OR,1
1030,HISC58H3,PREREQ,OR,2
1031,HISC58H3,PREREQ,OR,3
1032,HISC59H3,PREREQ,OR,1
1033,HISC59H3,PREREQ,OR,2
1034,HISC59H3,PREREQ,OR,3
1035,HISC60H3,PREREQ,OR,1
1036,HISC60H3,PREREQ,OR,2
1037,HISC60H3,PREREQ,OR,3
1038,HISC65H3,PREREQ,OR,1
1039,HISC65H3,PREREQ,OR,2
1040,HISC65H3,PREREQ,OR,3
1041,HISC66H3,PREREQ,OR,1
1042,HISC66H3,PREREQ,OR,2
1043,HISC66H3,PREREQ,OR,3
1044,HISC66H3,PREREQ,OR,4
1045,HISC67H3,PREREQ,OR,1
1046,HISC67H3,PREREQ,OR,2
1047,HISC68H3,PREREQ,OR,1
1048,HISC68H3,PREREQ,OR,2
1049,HISC68H3,PREREQ,OR,3
1050,HISC70H3,PREREQ,OR,1
1051,HISC70H3,PREREQ,OR,2
1052,HISC71H3,PREREQ,OR,1
1053,HISC71H3,PREREQ,OR,2
1054,HISC73H3,PREREQ,OR,1
1055,HISC73H3,PREREQ,OR,2
1056,HISC73H3,PREREQ,OR,3
1057,HISC75H3,PREREQ,OR,1
1058,HISC76H3,PREREQ,OR,1
1059,HISC77H3,PREREQ,OR,1
1060,HISC77H3,PREREQ,OR,2
1061,HISC94H3,PREREQ,OR,1
1062,HISC94H3,PREREQ,OR,2
1063,HISC94H3,PREREQ,OR,3
1064,HISC96H3,PREREQ,OR,1
1065,HISC96H3,PREREQ,AND,2
1066,HISD01H3,PREREQ,AND,1
1067,HISD02H3,PREREQ,AND,1
1068,HISD03H3,PREREQ,OR,1
1069,HISD03H3,PREREQ,AND,2
1070,HISD05H3,PREREQ,OR,1
1071,HISD05H3,PREREQ,AND,2
1072,HISD05H3,PREREQ,OR,3
1073,HISD06H3,PREREQ,OR,1
1074,HISD06H3,PREREQ,OR,2
1075,HISD06H3,PREREQ,AND,3
1076,HISD06H3,PREREQ,OR,4
1077,HISD07H3,PREREQ,OR,1
1078,HISD07H3,PREREQ,OR,2
1079,HISD07H3,PREREQ,AND,3
1080,HISD07H3,PREREQ,OR,4
1081,HISD08H3,PREREQ,OR,1
1082,HISD08H3,PREREQ,AND,2
1083,HISD08H3,PREREQ,OR,3
1084,HISD09H3,PREREQ,OR,1
1085,HISD09H3,PREREQ,OR,2
1086,HISD09H3,PREREQ,AND,3
1087,HISD09H3,PREREQ,OR,4
1088,HISD10H3,PREREQ,OR,1
1089,HISD10H3,PREREQ,OR,2
1090,HISD12H3,PREREQ,OR,1
1091,HISD14H3,PREREQ,OR,1
1092,HISD14H3,PREREQ,OR,2
1093,HISD14H3,PREREQ,OR,3
1094,HISD14H3,PREREQ,OR,4
1095,HISD16H3,PREREQ,AND,1
1096,HISD18H3,PREREQ,OR,1
1097,HISD18H3,PREREQ,AND,2
1098,HISD21H3,PREREQ,OR,1
1099,HISD21H3,PREREQ,AND,2
1100,HISD25H3,PREREQ,OR,1
1101,HISD25H3,PREREQ,AND,2
1102,HISD31H3,PREREQ,OR,1
1103,HISD31H3,PREREQ,AND,2
1104,HISD31H3,PREREQ,OR,3
1105,HISD32H3,PREREQ,OR,1
1106,HISD32H3,PREREQ,AND,2
1107,HISD33H3,PREREQ,OR,1
1108,HISD33H3,PREREQ,AND,2
1109,HISD34H3,PREREQ,OR,1
1110,HISD35H3,PREREQ,OR,1
1111,HISD35H3,PREREQ,AND,2
1112,HISD35H3,PREREQ,OR,3
1113,HISD36H3,PREREQ,OR,1
1114,HISD36H3,PREREQ,AND,2
1115,HISD44H3,PREREQ,OR,1
1116,HISD44H3,PREREQ,AND,2
1117,HISD45H3,PREREQ,OR,1
1118,HISD45H3,PREREQ,AND,2
1119,HISD46H3,PREREQ,OR,1
1120,HISD46H3,PREREQ,OR,2
1121,HISD46H3,PREREQ,AND,3
1122,HISD46H3,PREREQ,OR,4
1123,HISD47H3,PREREQ,OR,1
1124,HISD47H3,PREREQ,OR,2
1125,HISD48H3,PREREQ,OR,1
1126,HISD48H3,PREREQ,AND,2
1127,HISD49H3,PREREQ,OR,1
1128,HISD50H3,PREREQ,OR,1
1129,HISD51H3,PREREQ,OR,1
1130,HISD52H3,PREREQ,OR,1
1131,HISD53H3,PREREQ,OR,1
1132,HISD53H3,PREREQ,AND,2
1133,HISD54H3,PREREQ,OR,1
1134,HISD54H3,PREREQ,OR,2
1135,HISD54H3,PREREQ,AND,3
1136,HISD54H3,PREREQ,OR,4
1137,HISD55H3,PREREQ,OR,1
1138,HISD55H3,PREREQ,OR,2
1139,HISD55H3,PREREQ,AND,3
1140,HISD55H3,PREREQ,OR,4
1141,HISD56H3,PREREQ,OR,1
1142,HISD56H3,PREREQ,OR,2
1143,HISD56H3,PREREQ,OR,3
1144,HISD57H3,PREREQ,OR,1
1145,HISD58H3,PREREQ,OR,1
1146,HISD58H3,PREREQ,OR,2
1147,HISD58H3,PREREQ,AND,3
1148,HISD58H3,PREREQ,OR,4
1149,HISD59H3,PREREQ,OR,1
1150,HISD59H3,PREREQ,OR,2
1151,HISD59H3,PREREQ,AND,3
1152,HISD59H3,PREREQ,OR,4
1153,HISD60H3,PREREQ,OR,1
1154,HISD60H3,PREREQ,AND,2
1155,HISD63H3,PREREQ,OR,1
1156,HISD64H3,PREREQ,OR,1
1157,HISD65H3,PREREQ,OR,1
1158,HISD65H3,PREREQ,AND,2
1159,HISD66H3,PREREQ,OR,1
1160,HISD66H3,PREREQ,AND,2
1161,HISD69H3,PREREQ,OR,1
1162,HISD69H3,PREREQ,OR,2
1163,HISD69H3,PREREQ,AND,3
1164,HISD69H3,PREREQ,OR,4
1165,HISD71H3,PREREQ,OR,1
1166,HISD71H3,PREREQ,OR,2
1167,HISD71H3,PREREQ,OR,3
1168,HISD71H3,PREREQ,OR,4
1169,HISD93H3,PREREQ,OR,1
1170,HISD93H3,PREREQ,AND,2
1171,HISD95H3,PREREQ,OR,1
1172,HLTA03H3,PREREQ,OR,1
1173,HLTA20H3,PREREQ,OR,1
1174,HLTB11H3,PREREQ,OR,1
1175,HLTB15H3,PREREQ,OR,1
1176,HLTB15H3,PREREQ,OR,2
1177,HLTB16H3,PREREQ,OR,1
1178,HLTB20H3,PREREQ,OR,1
1179,HLTB22H3,PREREQ,OR,1
1180,HLTB24H3,PREREQ,OR,1
1181,HLTB27H3,PREREQ,OR,1
1182,HLTB27H3,PREREQ,OR,2
1183,HLTB33H3,PREREQ,OR,1
1184,HLTB33H3,PREREQ,OR,2
1185,HLTB40H3,PREREQ,OR,1
1186,HLTB41H3,PREREQ,OR,1
1187,HLTB42H3,PREREQ,OR,1
1188,HLTB44H3,PREREQ,AND,1
1189,HLTB50H3,PREREQ,OR,1
1190,HLTB50H3,PREREQ,OR,2
1191,HLTB60H3,PREREQ,OR,1
1192,HLTB80H3,PREREQ,OR,1
1193,HLTB80H3,COREQ,OR,1
1194,HLTC02H3,PREREQ,OR,1
1195,HLTC04H3,PREREQ,OR,1
1196,HLTC16H3,PREREQ,OR,1
1197,HLTC17H3,PREREQ,OR,1
1198,HLTC19H3,PREREQ,OR,1
1199,HLTC20H3,PREREQ,OR,1
1200,HLTC22H3,PREREQ,OR,1
1201,HLTC23H3,PREREQ,OR,1
1202,HLTC24H3,PREREQ,OR,1
1203,HLTC25H3,PREREQ,OR,1
1204,HLTC26H3,PREREQ,OR,1
1205,HLTC27H3,PREREQ,OR,1
1206,HLTC27H3,PREREQ,OR,2
1207,HLTC28H3,PREREQ,OR,1
1208,HLTC29H3,PREREQ,OR,1
1209,HLTC30H3,PREREQ,OR,1
1210,HLTC31H3,PREREQ,OR,1
1211,HLTC31H3,PREREQ,OR,2
1212,HLTC42H3,PREREQ,OR,1
1213,HLTC43H3,PREREQ,OR,1
1214,HLTC44H3,PREREQ,OR,1
1215,HLTC46H3,PREREQ,OR,1
1216,HLTC47H3,PREREQ,OR,1
1217,HLTC48H3,PREREQ,OR,1
1218,HLTC49H3,PREREQ,AND,1
1219,HLTC50H3,PREREQ,OR,1
1220,HLTC50H3,PREREQ,OR,2
1221,HLTC51H3,PREREQ,AND,1
1222,HLTC52H3,PREREQ,OR,1
1223,HLTC53H3,PREREQ,AND,1
1224,HLTC55H3,PREREQ,OR,1
1225,HLTC60H3,PREREQ,AND,1
1226,HLTC60H3,PREREQ,AND,2
1227,HLTC81H3,PREREQ,OR,1
1228,HLTD05H3,PREREQ,AND,1
1229,HLTD06H3,PREREQ,OR,1
1230,HLTD06H3,PREREQ,OR,2
1231,HLTD07H3,PREREQ,AND,1
1232,HLTD08H3,PREREQ,OR,1
1233,HLTD09H3,PREREQ,OR,1
1234,HLTD11H3,PREREQ,AND,1
1235,HLTD11H3,PREREQ,AND,2
1236,HLTD11H3,PREREQ,OR,3
1237,HLTD13H3,PREREQ,OR,1
1238,HLTD18H3,PREREQ,OR,1
1239,HLTD18H3,PREREQ,OR,2
1240,HLTD20H3,PREREQ,OR,1
1241,HLTD21H3,PREREQ,AND,1
1242,HLTD22H3,PREREQ,AND,1
1243,HLTD23H3,PREREQ,OR,1
1244,HLTD23H3,COREQ,OR,1
1245,HLTD25H3,PREREQ,OR,1
1246,HLTD26H3,PREREQ,AND,1
1247,HLTD26H3,PREREQ,AND,2
1248,HLTD27H3,PREREQ,OR,1
1249,HLTD28H3,PREREQ,AND,1
1250,HLTD29H3,PREREQ,AND,1
1251,HLTD40H3,PREREQ,OR,1
1252,HLTD40H3,PREREQ,OR,2
1253,HLTD44H3,PREREQ,AND,1
1254,HLTD46H3,PREREQ,OR,1
1255,HLTD47H3,PREREQ,AND,1
1256,HLTD48H3,PREREQ,AND,1
1257,HLTD49H3,PREREQ,AND,1
1258,HLTD50H3,PREREQ,OR,1
1259,HLTD51H3,PREREQ,OR,1
1260,HLTD52H3,PREREQ,OR,1
1261,HLTD53H3,PREREQ,OR,1
1262,HLTD54H3,PREREQ,OR,1
1263,HLTD56H3,PREREQ,OR,1
1264,HLTD71Y3,PREREQ,AND,1
1265,HLTD80H3,PREREQ,AND,1
1266,HLTD81H3,PREREQ,AND,1
1267,HLTD82H3,PREREQ,AND,1
1268,HLTD96Y3,PREREQ,OR,1
1269,IDSB01H3,PREREQ,AND,1
1270,IDSB01H3,PREREQ,AND,2
1271,IDSB02H3,PREREQ,OR,1
1272,IDSB04H3,PREREQ,OR,1
1273,IDSB06H3,PREREQ,OR,1
1274,IDSB10H3,PREREQ,OR,1
1275,IDSB11H3,PREREQ,OR,1
1276,IDSC01H3,PREREQ,AND,1
1277,IDSC02H3,PREREQ,OR,1
1278,IDSC04H3,PREREQ,OR,1
1279,IDSC07H3,PREREQ,OR,1
1280,IDSC08H3,PREREQ,OR,1
1281,IDSC11H3,PREREQ,OR,1
1282,IDSC12H3,PREREQ,OR,1
1283,IDSC13H3,PREREQ,OR,1
1284,IDSC14H3,PREREQ,OR,1
1285,IDSC15H3,PREREQ,OR,1
1286,IDSC16H3,PREREQ,OR,1
1287,IDSC17H3,PREREQ,OR,1
1288,IDSC18H3,PREREQ,OR,1
1289,IDSC19H3,PREREQ,OR,1
1290,IDSC20H3,PREREQ,OR,1
1291,IDSC21H3,PREREQ,OR,1
1292,IDSC22H3,PREREQ,OR,1
1293,IDSD02H3,PREREQ,OR,1
1294,IDSD05H3,PREREQ,OR,1
1295,IDSD05H3,PREREQ,OR,2
1296,IDSD06H3,PREREQ,OR,1
1297,IDSD07H3,PREREQ,OR,1
1298,IDSD07H3,PREREQ,OR,2
1299,IDSD08H3,PREREQ,AND,1
1300,IDSD16H3,PREREQ,OR,1
1301,IDSD16H3,PREREQ,OR,2
1302,IDSD19H3,PREREQ,OR,1
1303,IDSD20H3,PREREQ,OR,1
1304,IDSD20H3,PREREQ,OR,2
1305,IDSD90H3,PREREQ,AND,1
1306,JOUA02H3,PREREQ,OR,1
1307,JOUA02H3,PREREQ,OR,2
1308,JOUA06H3,PREREQ,OR,1
1309,JOUA06H3,COREQ,OR,1
1310,JOUB01H3,PREREQ,OR,1
1311,JOUB02H3,PREREQ,OR,1
1312,JOUB03H3,PREREQ,OR,1
1313,JOUB03H3,COREQ,OR,1
1314,JOUB11H3,PREREQ,OR,1
1315,JOUB11H3,COREQ,OR,1
1316,JOUB14H3,PREREQ,OR,1
1317,JOUB14H3,COREQ,OR,1
1318,JOUB18H3,PREREQ,OR,1
1319,JOUB18H3,COREQ,OR,1
1320,JOUB19H3,PREREQ,OR,1
1321,JOUB19H3,COREQ,OR,1
1322,JOUB20H3,PREREQ,OR,1
1323,JOUB20H3,COREQ,OR,1
1324,JOUB21H3,PREREQ,AND,1
1325,JOUB21H3,PREREQ,OR,2
1326,JOUB39H3,PREREQ,OR,1
1327,JOUB39H3,PREREQ,AND,2
1328,JOUB39H3,PREREQ,AND,3
1329,JOUC13H3,PREREQ,OR,1
1330,JOUC13H3,COREQ,OR,1
1331,JOUC18H3,PREREQ,OR,1
1332,JOUC18H3,COREQ,OR,1
1333,JOUC19H3,PREREQ,OR,1
1334,JOUC19H3,COREQ,OR,1
1335,JOUC21H3,PREREQ,OR,1
1336,JOUC21H3,COREQ,OR,1
1337,JOUC22H3,PREREQ,OR,1
1338,JOUC22H3,COREQ,OR,1
1339,JOUC25H3,PREREQ,AND,1
1340,JOUC25H3,COREQ,OR,1
1341,JOUC30H3,PREREQ,OR,1
1342,JOUC31H3,PREREQ,OR,1
1343,JOUC60H3,PREREQ,OR,1
1344,JOUC60H3,PREREQ,OR,2
1345,JOUC60H3,PREREQ,AND,3
1346,JOUC62H3,PREREQ,OR,1
1347,JOUC62H3,PREREQ,OR,2
1348,JOUC62H3,PREREQ,AND,3
1349,JOUC80H3,PREREQ,OR,1
1350,JOUC80H3,PREREQ,OR,2
1351,JOUC80H3,PREREQ,AND,3
1352,JOUD10H3,PREREQ,OR,1
1353,JOUD11H3,PREREQ,OR,1
1354,JOUD11H3,PREREQ,OR,2
1355,JOUD12H3,PREREQ,OR,1
1356,JOUD13H3,PREREQ,OR,1
1357,LGGA12H3,PREREQ,OR,1
1358,LGGA61H3,PREREQ,OR,1
1359,LGGA65H3,PREREQ,OR,1
1360,LGGA71H3,PREREQ,OR,1
1361,LGGA75H3,PREREQ,OR,1
1362,LGGA81H3,PREREQ,OR,1
1363,LGGB60H3,PREREQ,OR,1
1364,LGGB61H3,PREREQ,OR,1
1365,LGGB62H3,PREREQ,OR,1
1366,LGGB62H3,PREREQ,OR,2
1367,LGGB63H3,PREREQ,OR,1
1368,LGGB71H3,PREREQ,OR,1
1369,LGGB74H3,PREREQ,OR,1
1370,LGGC60H3,PREREQ,OR,1
1371,LGGC60H3,PREREQ,OR,2
1372,LGGC61H3,PREREQ,OR,1
1373,LGGC70H3,PREREQ,OR,1
1374,LGGD66H3,PREREQ,AND,1
1375,LGGD67H3,PREREQ,AND,1
1376,LINA02H3,PREREQ,OR,1
1377,LINB04H3,PREREQ,OR,1
1378,LINB06H3,PREREQ,OR,1
1379,LINB09H3,PREREQ,OR,1
1380,LINB10H3,PREREQ,OR,1
1381,LINB10H3,COREQ,OR,1
1382,LINB19H3,PREREQ,OR,1
1383,LINB20H3,PREREQ,OR,1
1384,LINB29H3,PREREQ,OR,1
1385,LINB30H3,PREREQ,OR,1
1386,LINB60H3,PREREQ,OR,1
1387,LINB62H3,PREREQ,OR,1
1388,LINC02H3,PREREQ,OR,1
1389,LINC10H3,PREREQ,OR,1
1390,LINC11H3,PREREQ,OR,1
1391,LINC12H3,PREREQ,OR,1
1392,LINC13H3,PREREQ,OR,1
1393,LINC28H3,PREREQ,OR,1
1394,LINC28H3,PREREQ,OR,2
1395,LINC29H3,PREREQ,AND,1
1396,LINC29H3,PREREQ,OR,2
1397,LINC29H3,PREREQ,OR,3
1398,LINC35H3,PREREQ,OR,1
1399,LINC35H3,COREQ,OR,1
1400,LINC47H3,PREREQ,OR,1
1401,LINC47H3,PREREQ,OR,2
1402,LINC61H3,PREREQ,OR,1
1403,LINC98H3,PREREQ,AND,1
1404,LINC98H3,PREREQ,OR,2
1405,LINC98H3,PREREQ,AND,3
1406,LIND01H3,PREREQ,AND,1
1407,LIND02H3,PREREQ,AND,1
1408,LIND03H3,PREREQ,AND,1
1409,LIND07Y3,PREREQ,AND,1
1410,LIND09H3,PREREQ,OR,1
1411,LIND11H3,PREREQ,OR,1
1412,LIND29H3,PREREQ,OR,1
1413,LIND46H3,PREREQ,OR,1
1414,LIND46H3,PREREQ,OR,2
1415,MATA22H3,PREREQ,AND,1
1416,MATA22H3,PREREQ,AND,2
1417,MATA23H3,PREREQ,AND,1
1418,MATA23H3,PREREQ,AND,2
1419,MATA29H3,PREREQ,AND,1
1420,MATA30H3,PREREQ,AND,1
1421,MATA34H3,PREREQ,AND,1
1422,MATA34H3,PREREQ,OR,2
1423,MATA35H3,PREREQ,OR,1
1424,MATA36H3,PREREQ,OR,1
1425,MATB24H3,PREREQ,OR,1
1426,MATB41H3,PREREQ,AND,1
1427,MATB41H3,PREREQ,AND,2
1428,MATB41H3,PREREQ,AND,3
1429,MATB42H3,PREREQ,OR,1
1430,MATB43H3,PREREQ,AND,1
1431,MATB44H3,PREREQ,AND,1
1432,MATB44H3,COREQ,OR,1
1433,MATB61H3,PREREQ,AND,1
1434,MATC01H3,PREREQ,AND,1
1435,MATC09H3,PREREQ,OR,1
1436,MATC15H3,PREREQ,OR,1
1437,MATC27H3,PREREQ,OR,1
1438,MATC32H3,PREREQ,AND,1
1439,MATC32H3,PREREQ,OR,2
1440,MATC34H3,PREREQ,OR,1
1441,MATC37H3,PREREQ,OR,1
1442,MATC44H3,PREREQ,OR,1
1443,MATC46H3,PREREQ,OR,1
1444,MATC46H3,COREQ,OR,1
1445,MATC58H3,PREREQ,OR,1
1446,MATC63H3,PREREQ,OR,1
1447,MATC82H3,PREREQ,OR,1
1448,MATC82H3,PREREQ,AND,2
1449,MATC90H3,PREREQ,OR,1
1450,MATD01H3,PREREQ,OR,1
1451,MATD02H3,PREREQ,OR,1
1452,MATD02H3,COREQ,OR,1
1453,MATD09H3,PREREQ,OR,1
1454,MATD16H3,PREREQ,OR,1
1455,MATD26H3,PREREQ,OR,1
1456,MATD34H3,PREREQ,OR,1
1457,MATD35H3,PREREQ,OR,1
1458,MATD35H3,PREREQ,AND,2
1459,MATD44H3,PREREQ,OR,1
1460,MATD50H3,PREREQ,OR,1
1461,MATD67H3,PREREQ,OR,1
1462,MATD92H3,PREREQ,AND,1
1463,MATD92H3,PREREQ,OR,2
1464,MATD93H3,PREREQ,AND,1
1465,MATD93H3,PREREQ,OR,2
1466,MATD94H3,PREREQ,AND,1
1467,MATD94H3,PREREQ,OR,2
1468,MATD95H3,PREREQ,AND,1
1469,MATD95H3,PREREQ,OR,2
1470,MBTB11H3,PREREQ,OR,1
1471,MBTB11H3,PREREQ,OR,2
1472,MBTB12H3,PREREQ,OR,1
1473,MBTB12H3,PREREQ,OR,2
1474,MBTB13H3,PREREQ,OR,1
1475,MBTB13H3,COREQ,OR,1
1476,MBTB13H3,COREQ,OR,2
1477,MBTB30H3,PREREQ,OR,1
1478,MBTB30H3,PREREQ,OR,2
1479,MBTB41H3,PREREQ,OR,1
1480,MBTB41H3,COREQ,OR,1
1481,MBTB41H3,COREQ,OR,2
1482,MBTB50H3,PREREQ,OR,1
1483,MBTB50H3,COREQ,OR,1
1484,MBTB50H3,COREQ,OR,2
1485,MBTB51H3,PREREQ,OR,1
1486,MBTB51H3,PREREQ,OR,2
1487,MBTC52H3,PREREQ,OR,1
1488,MBTC52H3,COREQ,OR,1
1489,MBTC60H3,PREREQ,OR,1
1490,MBTC60H3,PREREQ,OR,2
1491,MBTC62H3,PREREQ,OR,1
1492,MBTC62H3,COREQ,AND,1
1493,MBTC63H3,PREREQ,OR,1
1494,MBTC63H3,COREQ,AND,1
1495,MBTC66H3,PREREQ,OR,1
1496,MBTC66H3,PREREQ,OR,2
1497,MBTC67H3,PREREQ,OR,1
1498,MBTC67H3,COREQ,OR,1
1499,MBTC68H3,PREREQ,OR,1
1500,MBTC68H3,PREREQ,OR,2
1501,MBTC68H3,COREQ,OR,1
1502,MBTC70H3,PREREQ,OR,1
1503,MBTC70H3,COREQ,AND,1
1504,MBTC71H3,PREREQ,OR,1
1505,MBTC71H3,PREREQ,OR,2
1506,MBTC72H3,PREREQ,OR,1
1507,MBTC72H3,COREQ,AND,1
1508,MBTC73H3,PREREQ,OR,1
1509,MBTC73H3,PREREQ,OR,2
1510,MBTC73H3,COREQ,OR,1
1511,MBTC74H3,PREREQ,AND,1
1512,MBTC75H3,PREREQ,OR,1
1513,MBTC75H3,PREREQ,OR,2
1514,MBTC75H3,COREQ,OR,1
1515,MBTC82H3,PREREQ,OR,1
1516,MBTC82H3,PREREQ,OR,2
1517,MBTC82H3,COREQ,OR,1
1518,MBTC98H3,PREREQ,OR,1
1519,MBTC98H3,PREREQ,OR,2
1520,MBTC98H3,COREQ,OR,1
1521,MBTD99H3,PREREQ,OR,1
1522,MBTD99H3,PREREQ,OR,2
1523,MBTD99H3,COREQ,OR,1
1524,MDSB12H3,PREREQ,AND,1
1525,MDSB13H3,PREREQ,AND,1
1526,MDSB13H3,PREREQ,AND,2
1527,MDSB13H3,PREREQ,OR,3
1528,MDSB16H3,PREREQ,OR,1
1529,MDSB16H3,PREREQ,OR,2
1530,MDSB17H3,PREREQ,AND,1
1531,MDSB20H3,PREREQ,AND,1
1532,MDSB21H3,PREREQ,AND,1
1533,MDSB22H3,PREREQ,AND,1
1534,MDSB22H3,PREREQ,AND,2
1535,MDSB23H3,PREREQ,AND,1
1536,MDSB23H3,PREREQ,AND,2
1537,MDSB28H3,PREREQ,OR,1
1538,MDSB28H3,PREREQ,OR,2
1539,MDSB28H3,PREREQ,OR,3
1540,MDSB29H3,PREREQ,AND,1
1541,MDSB29H3,PREREQ,AND,2
1542,MDSB30H3,PREREQ,AND,1
1543,MDSB30H3,PREREQ,AND,2
1544,MDSB31H3,PREREQ,AND,1
1545,MDSB32H3,PREREQ,AND,1
1546,MDSB33H3,PREREQ,AND,1
1547,MDSB33H3,PREREQ,OR,2
1548,MDSB33H3,PREREQ,AND,3
1549,MDSB34H3,PREREQ,AND,1
1550,MDSB34H3,PREREQ,AND,2
1551,MDSB35H3,PREREQ,AND,1
1552,MDSB35H3,PREREQ,AND,2
1553,MDSC10H3,PREREQ,AND,1
1554,MDSC11H3,PREREQ,OR,1
1555,MDSC11H3,PREREQ,OR,2
1556,MDSC11H3,PREREQ,AND,3
1557,MDSC12H3,PREREQ,AND,1
1558,MDSC12H3,PREREQ,AND,2
1559,MDSC13H3,PREREQ,AND,1
1560,MDSC13H3,PREREQ,OR,2
1561,MDSC13H3,PREREQ,AND,3
1562,MDSC13H3,PREREQ,OR,4
1563,MDSC14H3,PREREQ,OR,1
1564,MDSC20H3,PREREQ,AND,1
1565,MDSC21H3,PREREQ,OR,1
1566,MDSC22H3,PREREQ,AND,1
1567,MDSC22H3,PREREQ,AND,2
1568,MDSC24H3,PREREQ,AND,1
1569,MDSC24H3,PREREQ,AND,2
1570,MDSC25H3,PREREQ,OR,1
1571,MDSC25H3,PREREQ,OR,2
1572,MDSC25H3,PREREQ,AND,3
1573,MDSC26H3,PREREQ,AND,1
1574,MDSC26H3,PREREQ,AND,2
1575,MDSC27H3,PREREQ,AND,1
1576,MDSC27H3,PREREQ,AND,2
1577,MDSC28H3,PREREQ,AND,1
1578,MDSC28H3,PREREQ,AND,2
1579,MDSC28H3,PREREQ,AND,3
1580,MDSC29H3,PREREQ,OR,1
1581,MDSC30H3,PREREQ,AND,1
1582,MDSC31H3,PREREQ,AND,1
1583,MDSC31H3,PREREQ,AND,2
1584,MDSC31H3,PREREQ,AND,3
1585,MDSC32H3,PREREQ,OR,1
1586,MDSC33H3,PREREQ,OR,1
1587,MDSC33H3,PREREQ,AND,2
1588,MDSC34H3,PREREQ,OR,1
1589,MDSC34H3,PREREQ,OR,2
1590,MDSC34H3,PREREQ,AND,3
1591,MDSC36H3,PREREQ,OR,1
1592,MDSC36H3,PREREQ,OR,2
1593,MDSC36H3,PREREQ,OR,3
1594,MDSC36H3,PREREQ,OR,4
1595,MDSC36H3,PREREQ,AND,5
1596,MDSC37H3,PREREQ,OR,1
1597,MDSC37H3,PREREQ,OR,2
1598,MDSC37H3,PREREQ,AND,3
1599,MDSC85H3,PREREQ,OR,1
1600,MDSC85H3,PREREQ,OR,2
1601,MDSD10H3,PREREQ,OR,1
1602,MDSD20H3,PREREQ,OR,1
1603,MDSD30H3,PREREQ,AND,1
1604,MGAB02H3,PREREQ,OR,1
1605,MGAB03H3,PREREQ,OR,1
1606,MGAB03H3,PREREQ,AND,2
1607,MGAC01H3,PREREQ,OR,1
1608,MGAC01H3,PREREQ,OR,2
1609,MGAC02H3,PREREQ,OR,1
1610,MGAC03H3,PREREQ,OR,1
1611,MGAC10H3,PREREQ,OR,1
1612,MGAC50H3,PREREQ,OR,1
1613,MGAC70H3,PREREQ,OR,1
1614,MGAC80H3,PREREQ,OR,1
1615,MGAD20H3,PREREQ,OR,1
1616,MGAD40H3,PREREQ,OR,1
1617,MGAD45H3,PREREQ,OR,1
1618,MGAD50H3,PREREQ,OR,1
1619,MGAD60H3,PREREQ,OR,1
1620,MGAD65H3,PREREQ,OR,1
1621,MGAD70H3,PREREQ,OR,1
1622,MGAD80H3,PREREQ,OR,1
1623,MGAD85H3,PREREQ,OR,1
1624,MGEB01H3,PREREQ,AND,1
1625,MGEB02H3,PREREQ,OR,1
1626,MGEB02H3,PREREQ,AND,2
1627,MGEB05H3,PREREQ,AND,1
1628,MGEB06H3,PREREQ,OR,1
1629,MGEB06H3,PREREQ,AND,2
1630,MGEB11H3,PREREQ,OR,1
1631,MGEB11H3,PREREQ,AND,2
1632,MGEB12H3,PREREQ,OR,1
1633,MGEB31H3,PREREQ,AND,1
1634,MGEB32H3,PREREQ,AND,1
1635,MGEB32H3,COREQ,OR,1
1636,MGEC02H3,PREREQ,OR,1
1637,MGEC06H3,PREREQ,OR,1
1638,MGEC08H3,PREREQ,OR,1
1639,MGEC11H3,PREREQ,OR,1
1640,MGEC20H3,PREREQ,OR,1
1641,MGEC22H3,PREREQ,OR,1
1642,MGEC22H3,PREREQ,OR,2
1643,MGEC25H3,PREREQ,OR,1
1644,MGEC26H3,PREREQ,OR,1
1645,MGEC31H3,PREREQ,OR,1
1646,MGEC32H3,PREREQ,OR,1
1647,MGEC34H3,PREREQ,OR,1
1648,MGEC37H3,PREREQ,OR,1
1649,MGEC38H3,PREREQ,AND,1
1650,MGEC40H3,PREREQ,OR,1
1651,MGEC41H3,PREREQ,OR,1
1652,MGEC45H3,PREREQ,OR,1
1653,MGEC51H3,PREREQ,OR,1
1654,MGEC54H3,PREREQ,OR,1
1655,MGEC58H3,PREREQ,OR,1
1656,MGEC61H3,PREREQ,OR,1
1657,MGEC62H3,PREREQ,OR,1
1658,MGEC62H3,PREREQ,AND,2
1659,MGEC65H3,PREREQ,OR,1
1660,MGEC71H3,PREREQ,OR,1
1661,MGEC72H3,PREREQ,OR,1
1662,MGEC81H3,PREREQ,OR,1
1663,MGEC82H3,PREREQ,OR,1
1664,MGEC91H3,PREREQ,OR,1
1665,MGEC92H3,PREREQ,OR,1
1666,MGEC93H3,PREREQ,AND,1
1667,MGED02H3,PREREQ,OR,1
1668,MGED06H3,PREREQ,OR,1
1669,MGED11H3,PREREQ,OR,1
1670,MGED25H3,PREREQ,OR,1
1671,MGED26H3,PREREQ,OR,1
1672,MGED43H3,PREREQ,OR,1
1673,MGED50H3,PREREQ,OR,1
1674,MGED50H3,COREQ,OR,1
1675,MGED63H3,PREREQ,OR,1
1676,MGED70H3,PREREQ,OR,1
1677,MGFB10H3,PREREQ,OR,1
1678,MGFB10H3,PREREQ,OR,2
1679,MGFC10H3,PREREQ,OR,1
1680,MGFC20H3,PREREQ,OR,1
1681,MGFC50H3,PREREQ,OR,1
1682,MGFC60H3,PREREQ,OR,1
1683,MGFC85H3,PREREQ,OR,1
1684,MGFD15H3,PREREQ,OR,1
1685,MGFD25H3,PREREQ,OR,1
1686,MGFD25H3,COREQ,OR,1
1687,MGFD30H3,PREREQ,OR,1
1688,MGFD40H3,PREREQ,OR,1
1689,MGFD50H3,PREREQ,OR,1
1690,MGFD70H3,PREREQ,OR,1
1691,MGFD85H3,PREREQ,OR,1
1692,MGHB02H3,PREREQ,OR,1
1693,MGHB02H3,PREREQ,OR,2
1694,MGHC02H3,PREREQ,AND,1
1695,MGHC02H3,PREREQ,OR,2
1696,MGHC23H3,PREREQ,OR,1
1697,MGHC50H3,PREREQ,AND,1
1698,MGHC51H3,PREREQ,OR,1
1699,MGHC51H3,PREREQ,OR,2
1700,MGHC51H3,PREREQ,OR,3
1701,MGHC51H3,PREREQ,OR,4
1702,MGHC52H3,PREREQ,OR,1
1703,MGHC53H3,PREREQ,OR,1
1704,MGHC53H3,PREREQ,OR,2
1705,MGHC55H3,PREREQ,AND,1
1706,MGHD14H3,PREREQ,OR,1
1707,MGHD24H3,PREREQ,OR,1
1708,MGHD24H3,PREREQ,OR,2
1709,MGHD25H3,PREREQ,OR,1
1710,MGHD25H3,PREREQ,OR,2
1711,MGHD26H3,PREREQ,OR,1
1712,MGHD26H3,PREREQ,OR,2
1713,MGHD27H3,PREREQ,OR,1
1714,MGHD27H3,PREREQ,OR,2
1715,MGHD28H3,PREREQ,OR,1
1716,MGHD28H3,PREREQ,OR,2
1717,MGHD60H3,PREREQ,AND,1
1718,MGIA01H3,PREREQ,OR,1
1719,MGIB01H3,PREREQ,OR,1
1720,MGIC01H3,PREREQ,OR,1
1721,MGIC02H3,PREREQ,OR,1
1722,MGID40H3,PREREQ,OR,1
1723,MGID79H3,PREREQ,AND,1
1724,MGMA01H3,PREREQ,OR,1
1725,MGMB01H3,PREREQ,AND,1
1726,MGMB01H3,PREREQ,OR,2
1727,MGMC01H3,PREREQ,OR,1
1728,MGMC02H3,PREREQ,OR,1
1729,MGMC02H3,PREREQ,OR,2
1730,MGMC11H3,PREREQ,OR,1
1731,MGMC12H3,PREREQ,OR,1
1732,MGMC13H3,PREREQ,AND,1
1733,MGMC14H3,PREREQ,OR,1
1734,MGMC40H3,PREREQ,AND,1
1735,MGMD01H3,PREREQ,AND,1
1736,MGMD02H3,PREREQ,OR,1
1737,MGMD10H3,PREREQ,AND,1
1738,MGMD11H3,PREREQ,AND,1
1739,MGMD19H3,PREREQ,AND,1
1740,MGMD20H3,PREREQ,AND,1
1741,MGMD20H3,PREREQ,OR,2
1742,MGMD21H3,PREREQ,AND,1
1743,MGMD21H3,PREREQ,OR,2
1744,MGOC10H3,PREREQ,OR,1
1745,MGOC10H3,PREREQ,AND,2
1746,MGOC10H3,PREREQ,OR,3
1747,MGOC15H3,PREREQ,OR,1
1748,MGOC15H3,COREQ,OR,1
1749,MGOC20H3,PREREQ,OR,1
1750,MGOC50H3,PREREQ,OR,1
1751,MGOC50H3,COREQ,OR,1
1752,MGOD31H3,PREREQ,OR,1
1753,MGOD40H3,PREREQ,OR,1
1754,MGOD40H3,COREQ,OR,1
1755,MGOD50H3,PREREQ,OR,1
1756,MGSB01H3,PREREQ,AND,1
1757,MGSB01H3,PREREQ,OR,2
1758,MGSB22H3,PREREQ,OR,1
1759,MGSC01H3,PREREQ,OR,1
1760,MGSC03H3,PREREQ,OR,1
1761,MGSC05H3,PREREQ,OR,1
1762,MGSC05H3,PREREQ,OR,2
1763,MGSC07H3,PREREQ,OR,1
1764,MGSC07H3,COREQ,OR,1
1765,MGSC10H3,PREREQ,AND,1
1766,MGSC12H3,PREREQ,OR,1
1767,MGSC12H3,PREREQ,OR,2
1768,MGSC14H3,PREREQ,OR,1
1769,MGSC14H3,PREREQ,OR,2
1770,MGSC20H3,PREREQ,OR,1
1771,MGSC26H3,PREREQ,OR,1
1772,MGSC30H3,PREREQ,OR,1
1773,MGSC30H3,PREREQ,OR,2
1774,MGSC35H3,PREREQ,AND,1
1775,MGSC44H3,PREREQ,OR,1
1776,MGSC91H3,PREREQ,OR,1
1777,MGSD01H3,PREREQ,OR,1
1778,MGSD15H3,PREREQ,AND,1
1779,MGSD24H3,PREREQ,OR,1
1780,MGSD30H3,PREREQ,OR,1
1781,MGSD32H3,PREREQ,OR,1
1782,MGSD40H3,PREREQ,OR,1
1783,MGSD55H3,PREREQ,AND,1
1784,MGSD91H3,PREREQ,OR,1
1785,MGTA02H3,PREREQ,OR,1
1786,MGTC28H3,PREREQ,OR,1
1787,MUZA61H3,PREREQ,OR,1
1788,MUZA63H3,PREREQ,OR,1
1789,MUZA65H3,PREREQ,OR,1
1790,MUZA81H3,PREREQ,AND,1
1791,MUZB01H3,PREREQ,OR,1
1792,MUZB02H3,PREREQ,OR,1
1793,MUZB02H3,PREREQ,OR,2
1794,MUZB21H3,PREREQ,OR,1
1795,MUZB41H3,PREREQ,OR,1
1796,MUZB60H3,PREREQ,OR,1
1797,MUZB61H3,PREREQ,OR,1
1798,MUZB62H3,PREREQ,OR,1
1799,MUZB63H3,PREREQ,OR,1
1800,MUZB64H3,PREREQ,OR,1
1801,MUZB65H3,PREREQ,OR,1
1802,MUZB66H3,PREREQ,OR,1
1803,MUZB67H3,PREREQ,OR,1
1804,MUZB80H3,PREREQ,OR,1
1805,MUZB80H3,PREREQ,OR,2
1806,MUZB81H3,PREREQ,OR,1
1807,MUZC01H3,PREREQ,OR,1
1808,MUZC02H3,PREREQ,OR,1
1809,MUZC20H3,PREREQ,OR,1
1810,MUZC21H3,PREREQ,AND,1
1811,MUZC22H3,PREREQ,AND,1
1812,MUZC23H3,PREREQ,AND,1
1813,MUZC40H3,PREREQ,AND,1
1814,MUZC41H3,PREREQ,AND,1
1815,MUZC42H3,PREREQ,AND,1
1816,MUZC43H3,PREREQ,OR,1
1817,MUZC43H3,PREREQ,OR,2
1818,MUZC60H3,PREREQ,OR,1
1819,MUZC61H3,PREREQ,OR,1
1820,MUZC62H3,PREREQ,OR,1
1821,MUZC63H3,PREREQ,OR,1
1822,MUZC64H3,PREREQ,OR,1
1823,MUZC65H3,PREREQ,OR,1
1824,MUZC80H3,PREREQ,OR,1
1825,MUZC80H3,PREREQ,OR,2
1826,MUZC81H3,PREREQ,OR,1
1827,MUZC81H3,PREREQ,OR,2
1828,MUZD01H3,PREREQ,OR,1
1829,MUZD80H3,PREREQ,OR,1
1830,MUZD81H3,PREREQ,AND,1
1831,NMEA01H3,PREREQ,OR,1
1832,NMEA01H3,COREQ,OR,1
1833,NMEA02H3,PREREQ,OR,1
1834,NMEA02H3,COREQ,OR,1
1835,NMEA03H3,PREREQ,OR,1
1836,NMEA03H3,COREQ,OR,1
1837,NMEA04H3,PREREQ,OR,1
1838,NMEA04H3,COREQ,OR,1
1839,NMEB05H3,PREREQ,OR,1
1840,NMEB06H3,PREREQ,OR,1
1841,NMEB06H3,COREQ,OR,1
1842,NMEB08H3,PREREQ,OR,1
1843,NMEB09H3,PREREQ,OR,1
1844,NMEB09H3,COREQ,OR,1
1845,NMEB10H3,PREREQ,OR,1
1846,NMEB10H3,COREQ,OR,1
1847,NMEC01H3,PREREQ,AND,1
1848,NMED10Y3,PREREQ,AND,1
1849,NROB60H3,PREREQ,AND,1
1850,NROB61H3,PREREQ,AND,1
1851,NROB61H3,COREQ,OR,1
1852,NROC36H3,PREREQ,AND,1
1853,NROC60H3,PREREQ,AND,1
1854,NROC60H3,COREQ,OR,1
1855,NROC61H3,PREREQ,AND,1
1856,NROC63H3,PREREQ,AND,1
1857,NROC63H3,COREQ,OR,1
1858,NROC64H3,PREREQ,AND,1
1859,NROC69H3,PREREQ,AND,1
1860,NROC90H3,PREREQ,OR,1
1861,NROC90H3,PREREQ,OR,2
1862,NROC90H3,PREREQ,AND,3
1863,NROC93H3,PREREQ,OR,1
1864,NROC93H3,PREREQ,OR,2
1865,NROC93H3,PREREQ,AND,3
1866,NROD60H3,PREREQ,OR,1
1867,NROD60H3,PREREQ,OR,2
1868,NROD60H3,COREQ,OR,1
1869,NROD60H3,COREQ,OR,2
1870,NROD61H3,PREREQ,OR,1
1871,NROD66H3,PREREQ,AND,1
1872,NROD67H3,PREREQ,OR,1
1873,NROD98Y3,PREREQ,AND,1
1874,NROD98Y3,PREREQ,OR,2
1875,NROD98Y3,PREREQ,AND,3
1876,NROD98Y3,PREREQ,AND,4
1877,NROD98Y3,PREREQ,AND,5
1878,NROD98Y3,COREQ,OR,1
1879,PHLB18H3,PREREQ,OR,1
1880,PHLB18H3,COREQ,OR,1
1881,PHLB99H3,PREREQ,OR,1
1882,PHLC03H3,PREREQ,AND,1
1883,PHLC05H3,PREREQ,AND,1
1884,PHLC06H3,PREREQ,AND,1
1885,PHLC07H3,PREREQ,AND,1
1886,PHLC08H3,PREREQ,AND,1
1887,PHLC09H3,PREREQ,AND,1
1888,PHLC10H3,PREREQ,AND,1
1889,PHLC13H3,PREREQ,AND,1
1890,PHLC14H3,PREREQ,AND,1
1891,PHLC20H3,PREREQ,AND,1
1892,PHLC22H3,PREREQ,AND,1
1893,PHLC31H3,PREREQ,AND,1
1894,PHLC32H3,PREREQ,AND,1
1895,PHLC35H3,PREREQ,AND,1
1896,PHLC36H3,PREREQ,AND,1
1897,PHLC37H3,PREREQ,AND,1
1898,PHLC43H3,PREREQ,AND,1
1899,PHLC45H3,PREREQ,AND,1
1900,PHLC51H3,PREREQ,OR,1
1901,PHLC60H3,PREREQ,AND,1
1902,PHLC72H3,PREREQ,AND,1
1903,PHLC80H3,PREREQ,AND,1
1904,PHLC86H3,PREREQ,AND,1
1905,PHLC89H3,PREREQ,AND,1
1906,PHLC92H3,PREREQ,AND,1
1907,PHLC93H3,PREREQ,AND,1
1908,PHLC95H3,PREREQ,AND,1
1909,PHLC99H3,PREREQ,AND,1
1910,PHLD05H3,PREREQ,AND,1
1911,PHLD09H3,PREREQ,OR,1
1912,PHLD20H3,PREREQ,AND,1
1913,PHLD31H3,PREREQ,AND,1
1914,PHLD35H3,PREREQ,OR,1
1915,PHLD36H3,PREREQ,OR,1
1916,PHLD43H3,PREREQ,OR,1
1917,PHLD51H3,PREREQ,OR,1
1918,PHLD78H3,PREREQ,OR,1
1919,PHLD85H3,PREREQ,OR,1
1920,PHLD86H3,PREREQ,OR,1
1921,PHLD87H3,PREREQ,AND,1
1922,PHLD88Y3,PREREQ,AND,1
1923,PHLD89Y3,PREREQ,AND,1
1924,PHYA10H3,PREREQ,AND,1
1925,PHYA10H3,COREQ,OR,1
1926,PHYA11H3,PREREQ,AND,1
1927,PHYA11H3,COREQ,OR,1
1928,PHYA21H3,PREREQ,OR,1
1929,PHYA21H3,COREQ,OR,1
1930,PHYA22H3,PREREQ,AND,1
1931,PHYA22H3,COREQ,OR,1
1932,PHYB01H3,PREREQ,OR,1
1933,PHYB10H3,PREREQ,OR,1
1934,PHYB10H3,COREQ,OR,1
1935,PHYB21H3,PREREQ,OR,1
1936,PHYB21H3,COREQ,OR,1
1937,PHYB52H3,PREREQ,OR,1
1938,PHYB52H3,COREQ,OR,1
1939,PHYB54H3,PREREQ,OR,1
1940,PHYB54H3,COREQ,OR,1
1941,PHYB56H3,PREREQ,OR,1
1942,PHYB56H3,COREQ,OR,1
1943,PHYB57H3,PREREQ,AND,1
1944,PHYB57H3,COREQ,OR,1
1945,PHYC11H3,PREREQ,OR,1
1946,PHYC14H3,PREREQ,OR,1
1947,PHYC50H3,PREREQ,AND,1
1948,PHYC54H3,PREREQ,OR,1
1949,PHYC56H3,PREREQ,AND,1
1950,PHYC83H3,PREREQ,OR,1
1951,PHYC83H3,COREQ,OR,1
1952,PHYD01H3,PREREQ,AND,1
1953,PHYD02Y3,PREREQ,AND,1
1954,PHYD26H3,PREREQ,OR,1
1955,PHYD26H3,PREREQ,OR,2
1956,PHYD27H3,PREREQ,OR,1
1957,PHYD28H3,PREREQ,OR,1
1958,PHYD37H3,PREREQ,OR,1
1959,PHYD38H3,PREREQ,OR,1
1960,PHYD57H3,PREREQ,OR,1
1961,PHYD72H3,PREREQ,AND,1
1962,PLIC24H3,PREREQ,OR,1
1963,PLIC25H3,PREREQ,OR,1
1964,PLIC25H3,PREREQ,OR,2
1965,PLIC54H3,PREREQ,OR,1
1966,PLIC55H3,PREREQ,OR,1
1967,PLIC55H3,COREQ,OR,1
1968,PLIC75H3,PREREQ,OR,1
1969,PLID01H3,PREREQ,AND,1
1970,PLID02H3,PREREQ,AND,1
1971,PLID03H3,PREREQ,AND,1
1972,PLID07Y3,PREREQ,AND,1
1973,PLID34H3,PREREQ,AND,1
1974,PLID44H3,PREREQ,OR,1
1975,PLID50H3,PREREQ,OR,1
1976,PLID53H3,PREREQ,OR,1
1977,PLID53H3,PREREQ,AND,2
1978,PLID56H3,PREREQ,OR,1
1979,PLID74H3,PREREQ,OR,1
1980,PMDB22H3,PREREQ,OR,1
1981,PMDB22H3,COREQ,OR,1
1982,PMDB25H3,PREREQ,OR,1
1983,PMDB30H3,PREREQ,OR,1
1984,PMDB30H3,COREQ,OR,1
1985,PMDB32Y3,PREREQ,OR,1
1986,PMDB32Y3,COREQ,OR,1
1987,PMDB33H3,PREREQ,OR,1
1988,PMDB33H3,COREQ,OR,1
1989,PMDB36H3,PREREQ,OR,1
1990,PMDB41H3,PREREQ,OR,1
1991,PMDC40H3,PREREQ,OR,1
1992,PMDC40H3,COREQ,OR,1
1993,PMDC42Y3,PREREQ,OR,1
1994,PMDC42Y3,COREQ,OR,1
1995,PMDC43H3,PREREQ,OR,1
1996,PMDC43H3,COREQ,OR,1
1997,PMDC54Y3,PREREQ,OR,1
1998,PMDC54Y3,COREQ,OR,1
1999,PMDC56H3,PREREQ,OR,1
2000,PMDC56H3,COREQ,OR,1
2001,POLB30H3,PREREQ,OR,1
2002,POLB40H3,PREREQ,OR,1
2003,POLB56H3,PREREQ,OR,1
2004,POLB56H3,PREREQ,AND,2
2005,POLB57H3,PREREQ,OR,1
2006,POLB57H3,PREREQ,AND,2
2007,POLB72H3,PREREQ,OR,1
2008,POLB80H3,PREREQ,OR,1
2009,POLB81H3,PREREQ,OR,1
2010,POLB90H3,PREREQ,OR,1
2011,POLB91H3,PREREQ,OR,1
2012,POLC07H3,PREREQ,OR,1
2013,POLC09H3,PREREQ,OR,1
2014,POLC11H3,PREREQ,OR,1
2015,POLC12H3,PREREQ,OR,1
2016,POLC13H3,PREREQ,OR,1
2017,POLC16H3,PREREQ,OR,1
2018,POLC16H3,PREREQ,OR,2
2019,POLC21H3,PREREQ,OR,1
2020,POLC21H3,PREREQ,OR,2
2021,POLC21H3,PREREQ,OR,3
2022,POLC22H3,PREREQ,OR,1
2023,POLC30H3,PREREQ,OR,1
2024,POLC30H3,COREQ,OR,1
2025,POLC31H3,PREREQ,OR,1
2026,POLC31H3,PREREQ,OR,2
2027,POLC32H3,PREREQ,OR,1
2028,POLC32H3,PREREQ,OR,2
2029,POLC33H3,PREREQ,OR,1
2030,POLC34H3,PREREQ,OR,1
2031,POLC34H3,PREREQ,OR,2
2032,POLC35H3,PREREQ,OR,1
2033,POLC36H3,PREREQ,OR,1
2034,POLC36H3,PREREQ,OR,2
2035,POLC37H3,PREREQ,AND,1
2036,POLC37H3,PREREQ,OR,2
2037,POLC38H3,PREREQ,OR,1
2038,POLC39H3,PREREQ,OR,1
2039,POLC40H3,PREREQ,OR,1
2040,POLC42H3,PREREQ,OR,1
2041,POLC43H3,PREREQ,OR,1
2042,POLC44H3,PREREQ,OR,1
2043,POLC45H3,PREREQ,OR,1
2044,POLC52H3,PREREQ,OR,1
2045,POLC52H3,PREREQ,OR,2
2046,POLC53H3,PREREQ,OR,1
2047,POLC53H3,PREREQ,OR,2
2048,POLC53H3,PREREQ,OR,3
2049,POLC54H3,PREREQ,OR,1
2050,POLC54H3,PREREQ,OR,2
2051,POLC56H3,PREREQ,OR,1
2052,POLC56H3,PREREQ,OR,2
2053,POLC57H3,PREREQ,OR,1
2054,POLC57H3,PREREQ,OR,2
2055,POLC58H3,PREREQ,OR,1
2056,POLC58H3,PREREQ,OR,2
2057,POLC58H3,PREREQ,OR,3
2058,POLC65H3,PREREQ,OR,1
2059,POLC69H3,PREREQ,OR,1
2060,POLC69H3,PREREQ,OR,2
2061,POLC70H3,PREREQ,OR,1
2062,POLC71H3,PREREQ,OR,1
2063,POLC72H3,PREREQ,OR,1
2064,POLC72H3,PREREQ,OR,2
2065,POLC73H3,PREREQ,AND,1
2066,POLC73H3,PREREQ,OR,2
2067,POLC74H3,PREREQ,AND,1
2068,POLC74H3,PREREQ,OR,2
2069,POLC78H3,PREREQ,OR,1
2070,POLC78H3,PREREQ,OR,2
2071,POLC79H3,PREREQ,AND,1
2072,POLC79H3,PREREQ,OR,2
2073,POLC80H3,PREREQ,OR,1
2074,POLC80H3,PREREQ,OR,2
2075,POLC83H3,PREREQ,OR,1
2076,POLC87H3,PREREQ,OR,1
2077,POLC88H3,PREREQ,OR,1
2078,POLC88H3,PREREQ,OR,2
2079,POLC90H3,PREREQ,OR,1
2080,POLC91H3,PREREQ,OR,1
2081,POLC91H3,PREREQ,OR,2
2082,POLC92H3,PREREQ,OR,1
2083,POLC93H3,PREREQ,OR,1
2084,POLC94H3,PREREQ,OR,1
2085,POLC96H3,PREREQ,OR,1
2086,POLC97H3,PREREQ,OR,1
2087,POLC98H3,PREREQ,AND,1
2088,POLD02Y3,PREREQ,AND,1
2089,POLD02Y3,PREREQ,OR,2
2090,POLD02Y3,PREREQ,OR,3
2091,POLD09H3,PREREQ,OR,1
2092,POLD09H3,PREREQ,OR,2
2093,POLD10Y3,PREREQ,OR,1
2094,POLD30H3,PREREQ,OR,1
2095,POLD31H3,PREREQ,OR,1
2096,POLD32H3,PREREQ,AND,1
2097,POLD38H3,PREREQ,OR,1
2098,POLD41H3,PREREQ,OR,1
2099,POLD42H3,PREREQ,OR,1
2100,POLD43H3,PREREQ,OR,1
2101,POLD43H3,PREREQ,OR,2
2102,POLD43H3,PREREQ,OR,3
2103,POLD44H3,PREREQ,AND,1
2104,POLD45H3,PREREQ,AND,1
2105,POLD45H3,PREREQ,AND,2
2106,POLD46H3,PREREQ,OR,1
2107,POLD50H3,PREREQ,OR,1
2108,POLD50H3,PREREQ,AND,2
2109,POLD50H3,PREREQ,OR,3
2110,POLD51H3,PREREQ,OR,1
2111,POLD51H3,PREREQ,AND,2
2112,POLD52H3,PREREQ,OR,1
2113,POLD52H3,PREREQ,AND,2
2114,POLD52H3,PREREQ,OR,3
2115,POLD52H3,PREREQ,OR,4
2116,POLD53H3,PREREQ,OR,1
2117,POLD53H3,PREREQ,AND,2
2118,POLD54H3,PREREQ,OR,1
2119,POLD54H3,PREREQ,AND,2
2120,POLD55H3,PREREQ,OR,1
2121,POLD55H3,PREREQ,AND,2
2122,POLD56H3,PREREQ,AND,1
2123,POLD58H3,PREREQ,OR,1
2124,POLD58H3,PREREQ,OR,2
2125,POLD59H3,PREREQ,OR,1
2126,POLD59H3,PREREQ,OR,2
2127,POLD67H3,PREREQ,OR,1
2128,POLD67H3,PREREQ,AND,2
2129,POLD67H3,PREREQ,OR,3
2130,POLD67H3,PREREQ,AND,4
2131,POLD67H3,PREREQ,OR,5
2132,POLD74H3,PREREQ,AND,1
2133,POLD75H3,PREREQ,OR,1
2134,POLD78H3,PREREQ,OR,1
2135,POLD82H3,PREREQ,OR,1
2136,POLD82H3,COREQ,OR,1
2137,POLD87H3,PREREQ,OR,1
2138,POLD89H3,PREREQ,OR,1
2139,POLD89H3,PREREQ,AND,2
2140,POLD90H3,PREREQ,AND,1
2141,POLD91H3,PREREQ,OR,1
2142,POLD92H3,PREREQ,AND,1
2143,POLD94H3,PREREQ,AND,1
2144,POLD98H3,PREREQ,OR,1
2145,PPGB66H3,PREREQ,OR,1
2146,PPGB66H3,PREREQ,AND,2
2147,PPGC67H3,PREREQ,OR,1
2148,PPGC67H3,PREREQ,OR,2
2149,PPGC67H3,PREREQ,OR,3
2150,PPGD64H3,PREREQ,AND,1
2151,PPGD64H3,PREREQ,OR,2
2152,PPGD64H3,PREREQ,AND,3
2153,PPGD64H3,PREREQ,OR,4
2154,PPGD68H3,PREREQ,OR,1
2155,PPGD68H3,PREREQ,AND,2
2156,PSCB90H3,PREREQ,OR,1
2157,PSCD02H3,PREREQ,OR,1
2158,PSCD02H3,COREQ,OR,1
2159,PSCD02H3,COREQ,AND,2
2160,PSCD11H3,PREREQ,OR,1
2161,PSCD50H3,PREREQ,OR,1
2162,PSYB03H3,PREREQ,OR,1
2163,PSYB03H3,COREQ,OR,1
2164,PSYB10H3,PREREQ,OR,1
2165,PSYB20H3,PREREQ,OR,1
2166,PSYB30H3,PREREQ,OR,1
2167,PSYB32H3,PREREQ,OR,1
2168,PSYB38H3,PREREQ,OR,1
2169,PSYB51H3,PREREQ,OR,1
2170,PSYB55H3,PREREQ,OR,1
2171,PSYB57H3,PREREQ,OR,1
2172,PSYB64H3,PREREQ,OR,1
2173,PSYB70H3,PREREQ,OR,1
2174,PSYB80H3,PREREQ,OR,1
2175,PSYB83H3,PREREQ,OR,1
2176,PSYB83H3,COREQ,OR,1
2177,PSYB90H3,PREREQ,AND,1
2178,PSYB90H3,PREREQ,OR,2
2179,PSYC01H3,PREREQ,AND,1
2180,PSYC02H3,PREREQ,AND,1
2181,PSYC03H3,PREREQ,OR,1
2182,PSYC08H3,PREREQ,AND,1
2183,PSYC09H3,PREREQ,AND,1
2184,PSYC10H3,PREREQ,AND,1
2185,PSYC12H3,PREREQ,AND,1
2186,PSYC13H3,PREREQ,AND,1
2187,PSYC14H3,PREREQ,AND,1
2188,PSYC15H3,PREREQ,AND,1
2189,PSYC16H3,PREREQ,AND,1
2190,PSYC17H3,PREREQ,AND,1
2191,PSYC18H3,PREREQ,AND,1
2192,PSYC19H3,PREREQ,AND,1
2193,PSYC21H3,PREREQ,AND,1
2194,PSYC22H3,PREREQ,AND,1
2195,PSYC23H3,PREREQ,AND,1
2196,PSYC24H3,PREREQ,AND,1
2197,PSYC27H3,PREREQ,AND,1
2198,PSYC28H3,PREREQ,OR,1
2199,PSYC30H3,PREREQ,AND,1
2200,PSYC31H3,PREREQ,AND,1
2201,PSYC34H3,PREREQ,AND,1
2202,PSYC36H3,PREREQ,AND,1
2203,PSYC37H3,PREREQ,AND,1
2204,PSYC38H3,PREREQ,AND,1
2205,PSYC39H3,PREREQ,AND,1
2206,PSYC50H3,PREREQ,AND,1
2207,PSYC51H3,PREREQ,AND,1
2208,PSYC52H3,PREREQ,AND,1
2209,PSYC53H3,PREREQ,AND,1
2210,PSYC54H3,PREREQ,AND,1
2211,PSYC56H3,PREREQ,AND,1
2212,PSYC57H3,PREREQ,AND,1
2213,PSYC59H3,PREREQ,AND,1
2214,PSYC62H3,PREREQ,AND,1
2215,PSYC70H3,PREREQ,AND,1
2216,PSYC71H3,PREREQ,AND,1
2217,PSYC72H3,PREREQ,AND,1
2218,PSYC73H3,PREREQ,AND,1
2219,PSYC73H3,COREQ,OR,1
2220,PSYC74H3,PREREQ,AND,1
2221,PSYC75H3,PREREQ,AND,1
2222,PSYC76H3,PREREQ,AND,1
2223,PSYC81H3,PREREQ,AND,1
2224,PSYC86H3,PREREQ,AND,1
2225,PSYC87H3,PREREQ,AND,1
2226,PSYC90H3,PREREQ,AND,1
2227,PSYC90H3,PREREQ,OR,2
2228,PSYC90H3,PREREQ,AND,3
2229,PSYC90H3,PREREQ,AND,4
2230,PSYC93H3,PREREQ,AND,1
2231,PSYC93H3,PREREQ,OR,2
2232,PSYC93H3,PREREQ,AND,3
2233,PSYC93H3,PREREQ,AND,4
2234,PSYD10H3,PREREQ,OR,1
2235,PSYD10H3,PREREQ,AND,2
2236,PSYD13H3,PREREQ,AND,1
2237,PSYD14H3,PREREQ,AND,1
2238,PSYD15H3,PREREQ,AND,1
2239,PSYD16H3,PREREQ,AND,1
2240,PSYD17H3,PREREQ,AND,1
2241,PSYD17H3,PREREQ,AND,2
2242,PSYD18H3,PREREQ,AND,1
2243,PSYD19H3,PREREQ,AND,1
2244,PSYD19H3,PREREQ,OR,2
2245,PSYD20H3,PREREQ,AND,1
2246,PSYD23H3,PREREQ,AND,1
2247,PSYD24H3,PREREQ,AND,1
2248,PSYD28H3,PREREQ,AND,1
2249,PSYD30H3,PREREQ,AND,1
2250,PSYD31H3,PREREQ,AND,1
2251,PSYD32H3,PREREQ,AND,1
2252,PSYD33H3,PREREQ,AND,1
2253,PSYD35H3,PREREQ,AND,1
2254,PSYD37H3,PREREQ,AND,1
2255,PSYD37H3,PREREQ,OR,2
2256,PSYD39H3,PREREQ,AND,1
2257,PSYD50H3,PREREQ,AND,1
2258,PSYD51H3,PREREQ,AND,1
2259,PSYD52H3,PREREQ,AND,1
2260,PSYD54H3,PREREQ,AND,1
2261,PSYD55H3,PREREQ,AND,1
2262,PSYD59H3,PREREQ,AND,1
2263,PSYD62H3,PREREQ,AND,1
2264,PSYD62H3,PREREQ,OR,2
2265,PSYD66H3,PREREQ,AND,1
2266,PSYD66H3,PREREQ,OR,2
2267,PSYD98Y3,PREREQ,AND,1
2268,PSYD98Y3,PREREQ,OR,2
2269,PSYD98Y3,PREREQ,AND,3
2270,PSYD98Y3,PREREQ,AND,4
2271,RLGC05H3,PREREQ,OR,1
2272,RLGC05H3,PREREQ,OR,2
2273,RLGC06H3,PREREQ,OR,1
2274,RLGC07H3,PREREQ,OR,1
2275,RLGC07H3,PREREQ,OR,2
2276,RLGC09H3,PREREQ,OR,1
2277,RLGC10H3,PREREQ,OR,1
2278,RLGC13H3,PREREQ,OR,1
2279,RLGC14H3,PREREQ,OR,1
2280,RLGC40H3,PREREQ,AND,1
2281,RLGC41H3,PREREQ,AND,1
2282,SOCB05H3,PREREQ,AND,1
2283,SOCB05H3,PREREQ,AND,2
2284,SOCB05H3,PREREQ,AND,3
2285,SOCB05H3,PREREQ,AND,4
2286,SOCB22H3,PREREQ,OR,1
2287,SOCB22H3,PREREQ,AND,2
2288,SOCB22H3,PREREQ,OR,3
2289,SOCB22H3,PREREQ,OR,4
2290,SOCB26H3,PREREQ,AND,1
2291,SOCB26H3,PREREQ,OR,2
2292,SOCB28H3,PREREQ,AND,1
2293,SOCB28H3,PREREQ,OR,2
2294,SOCB30H3,PREREQ,AND,1
2295,SOCB30H3,PREREQ,OR,2
2296,SOCB37H3,PREREQ,OR,1
2297,SOCB37H3,PREREQ,AND,2
2298,SOCB37H3,PREREQ,AND,3
2299,SOCB40H3,PREREQ,OR,1
2300,SOCB40H3,PREREQ,AND,2
2301,SOCB42H3,PREREQ,AND,1
2302,SOCB42H3,PREREQ,AND,2
2303,SOCB43H3,PREREQ,AND,1
2304,SOCB43H3,PREREQ,AND,2
2305,SOCB44H3,PREREQ,AND,1
2306,SOCB44H3,PREREQ,OR,2
2307,SOCB44H3,PREREQ,AND,3
2308,SOCB44H3,PREREQ,OR,4
2309,SOCB47H3,PREREQ,AND,1
2310,SOCB47H3,PREREQ,OR,2
2311,SOCB47H3,PREREQ,AND,3
2312,SOCB49H3,PREREQ,AND,1
2313,SOCB49H3,PREREQ,OR,2
2314,SOCB49H3,PREREQ,OR,3
2315,SOCB50H3,PREREQ,AND,1
2316,SOCB50H3,PREREQ,OR,2
2317,SOCB50H3,PREREQ,AND,3
2318,SOCB53H3,PREREQ,OR,1
2319,SOCB53H3,PREREQ,OR,2
2320,SOCB53H3,PREREQ,AND,3
2321,SOCB54H3,PREREQ,AND,1
2322,SOCB54H3,PREREQ,OR,2
2323,SOCB58H3,PREREQ,OR,1
2324,SOCB58H3,PREREQ,OR,2
2325,SOCB58H3,PREREQ,AND,3
2326,SOCB58H3,PREREQ,OR,4
2327,SOCB59H3,PREREQ,AND,1
2328,SOCB59H3,PREREQ,OR,2
2329,SOCB59H3,PREREQ,AND,3
2330,SOCB60H3,PREREQ,AND,1
2331,SOCB60H3,PREREQ,OR,2
2332,SOCB60H3,PREREQ,OR,3
2333,SOCB60H3,PREREQ,AND,4
2334,SOCB70H3,PREREQ,OR,1
2335,SOCB70H3,PREREQ,AND,2
2336,SOCB70H3,PREREQ,OR,3
2337,SOCC03H3,PREREQ,OR,1
2338,SOCC04H3,PREREQ,AND,1
2339,SOCC09H3,PREREQ,AND,1
2340,SOCC09H3,PREREQ,AND,2
2341,SOCC11H3,PREREQ,OR,1
2342,SOCC11H3,PREREQ,AND,2
2343,SOCC15H3,PREREQ,AND,1
2344,SOCC23H3,PREREQ,AND,1
2345,SOCC23H3,PREREQ,AND,2
2346,SOCC24H3,PREREQ,OR,1
2347,SOCC24H3,PREREQ,AND,2
2348,SOCC25H3,PREREQ,AND,1
2349,SOCC25H3,PREREQ,AND,2
2350,SOCC25H3,PREREQ,AND,3
2351,SOCC26H3,PREREQ,AND,1
2352,SOCC26H3,PREREQ,AND,2
2353,SOCC26H3,PREREQ,AND,3
2354,SOCC27H3,PREREQ,AND,1
2355,SOCC27H3,PREREQ,AND,2
2356,SOCC27H3,PREREQ,AND,3
2357,SOCC29H3,PREREQ,AND,1
2358,SOCC29H3,PREREQ,AND,2
2359,SOCC29H3,PREREQ,AND,3
2360,SOCC29H3,PREREQ,AND,4
2361,SOCC30H3,PREREQ,OR,1
2362,SOCC30H3,PREREQ,AND,2
2363,SOCC31H3,PREREQ,AND,1
2364,SOCC31H3,PREREQ,AND,2
2365,SOCC32H3,PREREQ,OR,1
2366,SOCC32H3,PREREQ,AND,2
2367,SOCC32H3,PREREQ,AND,3
2368,SOCC34H3,PREREQ,OR,1
2369,SOCC34H3,PREREQ,AND,2
2370,SOCC34H3,PREREQ,AND,3
2371,SOCC37H3,PREREQ,AND,1
2372,SOCC37H3,PREREQ,AND,2
2373,SOCC37H3,PREREQ,AND,3
2374,SOCC37H3,PREREQ,OR,4
2375,SOCC38H3,PREREQ,AND,1
2376,SOCC38H3,PREREQ,AND,2
2377,SOCC40H3,PREREQ,OR,1
2378,SOCC44H3,PREREQ,AND,1
2379,SOCC44H3,PREREQ,AND,2
2380,SOCC44H3,PREREQ,AND,3
2381,SOCC45H3,PREREQ,AND,1
2382,SOCC46H3,PREREQ,AND,1
2383,SOCC46H3,PREREQ,AND,2
2384,SOCC47H3,PREREQ,OR,1
2385,SOCC47H3,PREREQ,AND,2
2386,SOCC49H3,PREREQ,AND,1
2387,SOCC50H3,PREREQ,OR,1
2388,SOCC51H3,PREREQ,AND,1
2389,SOCC52H3,PREREQ,AND,1
2390,SOCC52H3,PREREQ,AND,2
2391,SOCC54H3,PREREQ,AND,1
2392,SOCC55H3,PREREQ,AND,1
2393,SOCC55H3,PREREQ,AND,2
2394,SOCC57H3,PREREQ,AND,1
2395,SOCC58H3,PREREQ,OR,1
2396,SOCC58H3,PREREQ,AND,2
2397,SOCC59H3,PREREQ,AND,1
2398,SOCC61H3,PREREQ,AND,1
2399,SOCC61H3,PREREQ,AND,2
2400,SOCC70H3,PREREQ,OR,1
2401,SOCD01H3,PREREQ,AND,1
2402,SOCD01H3,PREREQ,AND,2
2403,SOCD02H3,PREREQ,AND,1
2404,SOCD02H3,PREREQ,OR,2
2405,SOCD05H3,PREREQ,AND,1
2406,SOCD05H3,PREREQ,AND,2
2407,SOCD08H3,PREREQ,OR,1
2408,SOCD10H3,PREREQ,AND,1
2409,SOCD10H3,PREREQ,AND,2
2410,SOCD11H3,PREREQ,AND,1
2411,SOCD11H3,PREREQ,AND,2
2412,SOCD11H3,PREREQ,OR,3
2413,SOCD12H3,PREREQ,AND,1
2414,SOCD12H3,PREREQ,AND,2
2415,SOCD12H3,PREREQ,OR,3
2416,SOCD12H3,PREREQ,AND,4
2417,SOCD13H3,PREREQ,AND,1
2418,SOCD13H3,PREREQ,OR,2
2419,SOCD15H3,PREREQ,AND,1
2420,SOCD15H3,PREREQ,OR,2
2421,SOCD15H3,PREREQ,AND,3
2422,SOCD18H3,PREREQ,OR,1
2423,SOCD20H3,PREREQ,OR,1
2424,SOCD20H3,PREREQ,OR,2
2425,SOCD20H3,PREREQ,OR,3
2426,SOCD20H3,PREREQ,AND,4
2427,SOCD21H3,PREREQ,AND,1
2428,SOCD21H3,PREREQ,OR,2
2429,SOCD21H3,PREREQ,AND,3
2430,SOCD25H3,PREREQ,AND,1
2431,SOCD30Y3,PREREQ,AND,1
2432,SOCD30Y3,PREREQ,OR,2
2433,SOCD32Y3,PREREQ,AND,1
2434,SOCD40H3,PREREQ,OR,1
2435,SOCD40H3,PREREQ,AND,2
2436,SOCD41H3,PREREQ,OR,1
2437,SOCD41H3,PREREQ,AND,2
2438,SOCD42H3,PREREQ,AND,1
2439,SOCD44H3,PREREQ,AND,1
2440,SOCD50H3,PREREQ,OR,1
2441,SOCD50H3,PREREQ,AND,2
2442,SOCD51H3,PREREQ,AND,1
2443,SOCD51H3,PREREQ,AND,2
2444,SOCD52H3,PREREQ,AND,1
2445,SOCD52H3,PREREQ,AND,2
2446,STAA57H3,PREREQ,OR,1
2447,STAB27H3,PREREQ,OR,1
2448,STAB40H3,PREREQ,OR,1
2449,STAB41H3,PREREQ,OR,1
2450,STAB41H3,PREREQ,OR,2
2451,STAB52H3,PREREQ,OR,1
2452,STAB53H3,PREREQ,AND,1
2453,STAB57H3,PREREQ,OR,1
2454,STAC32H3,PREREQ,OR,1
2455,STAC33H3,PREREQ,OR,1
2456,STAC50H3,PREREQ,OR,1
2457,STAC51H3,PREREQ,OR,1
2458,STAC53H3,PREREQ,OR,1
2459,STAC58H3,PREREQ,OR,1
2460,STAC62H3,PREREQ,OR,1
2461,STAC63H3,PREREQ,OR,1
2462,STAC67H3,PREREQ,OR,1
2463,STAC70H3,PREREQ,AND,1
2464,STAC70H3,COREQ,OR,1
2465,STAD29H3,PREREQ,OR,1
2466,STAD37H3,PREREQ,OR,1
2467,STAD57H3,PREREQ,OR,1
2468,STAD68H3,PREREQ,OR,1
2469,STAD70H3,PREREQ,OR,1
2470,STAD70H3,COREQ,OR,1
2471,STAD78H3,PREREQ,OR,1
2472,STAD80H3,PREREQ,OR,1
2473,STAD81H3,PREREQ,OR,1
2474,STAD91H3,PREREQ,OR,1
2475,STAD92H3,PREREQ,OR,1
2476,STAD93H3,PREREQ,OR,1
2477,STAD94H3,PREREQ,OR,1
2478,STAD95H3,PREREQ,OR,1
2479,THRA11H3,PREREQ,OR,1
2480,THRB30H3,PREREQ,OR,1
2481,THRC41H3,PREREQ,OR,1
2482,THRC44H3,PREREQ,OR,1
2483,THRC50H3,PREREQ,AND,1
2484,THRC55H3,PREREQ,AND,1
2485,THRC56H3,PREREQ,AND,1
2486,THRD30H3,PREREQ,AND,1
2487,THRD31H3,PREREQ,OR,1
2488,THRD55H3,PREREQ,AND,1
2489,THRD56H3,PREREQ,AND,1
2490,THRD60H3,PREREQ,OR,1
2491,THRD90H3,PREREQ,AND,1
2492,THRD91H3,PREREQ,AND,1
2493,VPAA12H3,PREREQ,OR,1
2494,VPAB13H3,PREREQ,OR,1
2495,VPAB16H3,PREREQ,OR,1
2496,VPAB17H3,PREREQ,OR,1
2497,VPAB18H3,PREREQ,OR,1
2498,VPAC13H3,PREREQ,OR,1
2499,VPAC15H3,PREREQ,OR,1
2500,VPAC15H3,PREREQ,AND,2
2501,VPAC16H3,PREREQ,OR,1
2502,VPAC17H3,PREREQ,OR,1
2503,VPAC18H3,PREREQ,OR,1
2504,VPAC21H3,PREREQ,OR,1
2505,VPAC22H3,PREREQ,OR,1
2506,VPAD10H3,PREREQ,OR,1
2507,VPAD12H3,PREREQ,OR,1
2508,VPAD14H3,PREREQ,AND,1
2509,VPHB39H3,PREREQ,OR,1
2510,VPHB40H3,PREREQ,OR,1
2511,VPHB50H3,PREREQ,OR,1
2512,VPHB50H3,PREREQ,OR,2
2513,VPHB53H3,PREREQ,OR,1
2514,VPHB58H3,PREREQ,OR,1
2515,VPHB59H3,PREREQ,OR,1
2516,VPHB63H3,PREREQ,OR,1
2517,VPHB64H3,PREREQ,OR,1
2518,VPHB68H3,PREREQ,OR,1
2519,VPHB73H3,PREREQ,OR,1
2520,VPHB73H3,PREREQ,OR,2
2521,VPHB74H3,PREREQ,OR,1
2522,VPHB77H3,PREREQ,OR,1
2523,VPHB77H3,PREREQ,OR,2
2524,VPHB78H3,PREREQ,OR,1
2525,VPHB79H3,PREREQ,OR,1
2526,VPHC41H3,PREREQ,OR,1
2527,VPHC42H3,PREREQ,OR,1
2528,VPHC45H3,PREREQ,OR,1
2529,VPHC49H3,PREREQ,OR,1
2530,VPHC49H3,COREQ,OR,1
2531,VPHC52H3,PREREQ,OR,1
2532,VPHC52H3,PREREQ,OR,2
2533,VPHC53H3,PREREQ,OR,1
2534,VPHC53H3,PREREQ,OR,2
2535,VPHC53H3,PREREQ,OR,3
2536,VPHC54H3,PREREQ,OR,1
2537,VPHC63H3,PREREQ,OR,1
2538,VPHC68H3,PREREQ,OR,1
2539,VPHC72H3,PREREQ,AND,1
2540,VPHC73H3,PREREQ,OR,1
2541,VPHC74H3,PREREQ,OR,1
2542,VPHC74H3,PREREQ,OR,2
2543,VPHC75H3,PREREQ,OR,1
2544,VPHC75H3,PREREQ,OR,2
2545,VPHD48H3,PREREQ,OR,1
2546,VPSB01H3,PREREQ,OR,1
2547,VPSB02H3,PREREQ,OR,1
2548,VPSB58H3,PREREQ,OR,1
2549,VPSB59H3,PREREQ,AND,1
2550,VPSB61H3,PREREQ,OR,1
2551,VPSB62H3,PREREQ,OR,1
2552,VPSB67H3,PREREQ,OR,1
2553,VPSB69H3,PREREQ,OR,1
2554,VPSB70H3,PREREQ,OR,1
2555,VPSB71H3,PREREQ,OR,1
2556,VPSB73H3,PREREQ,AND,1
2557,VPSB73H3,PREREQ,OR,2
2558,VPSB74H3,PREREQ,OR,1
2559,VPSB76H3,PREREQ,OR,1
2560,VPSB77H3,PREREQ,OR,1
2561,VPSB80H3,PREREQ,OR,1
2562,VPSB81H3,PREREQ,OR,1
2563,VPSB85H3,PREREQ,OR,1
2564,VPSB86H3,PREREQ,OR,1
2565,VPSB88H3,PREREQ,OR,1
2566,VPSB89H3,PREREQ,OR,1
2567,VPSB90H3,PREREQ,OR,1
2568,VPSC04H3,PREREQ,AND,1
2569,VPSC04H3,PREREQ,OR,2
2570,VPSC04H3,PREREQ,OR,3
2571,VPSC51H3,PREREQ,OR,1
2572,VPSC53H3,PREREQ,AND,1
2573,VPSC53H3,PREREQ,OR,2
2574,VPSC54H3,PREREQ,AND,1
2575,VPSC54H3,PREREQ,OR,2
2576,VPSC56H3,PREREQ,OR,1
2577,VPSC56H3,PREREQ,AND,2
2578,VPSC70H3,PREREQ,OR,1
2579,VPSC70H3,PREREQ,OR,2
2580,VPSC70H3,PREREQ,AND,3
2581,VPSC71H3,PREREQ,OR,1
2582,VPSC71H3,PREREQ,OR,2
2583,VPSC71H3,PREREQ,OR,3
2584,VPSC73H3,PREREQ,OR,1
2585,VPSC73H3,PREREQ,OR,2
2586,VPSC75H3,PREREQ,AND,1
2587,VPSC75H3,PREREQ,OR,2
2588,VPSC76H3,PREREQ,AND,1
2589,VPSC76H3,PREREQ,OR,2
2590,VPSC77H3,PREREQ,OR,1
2591,VPSC77H3,PREREQ,OR,2
2592,VPSC80H3,PREREQ,OR,1
2593,VPSC80H3,PREREQ,OR,2
2594,VPSC85H3,PREREQ,OR,1
2595,VPSC90H3,PREREQ,OR,1
2596,VPSC91H3,PREREQ,OR,1
2597,VPSC92H3,PREREQ,OR,1
2598,VPSC93H3,PREREQ,OR,1
2599,VPSC94H3,PREREQ,OR,1
2600,VPSC95H3,PREREQ,OR,1
2601,VPSC95H3,PREREQ,OR,2
2602,VPSD55H3,PREREQ,OR,1
2603,VPSD56H3,PREREQ,AND,1
2604,VPSD61H3,PREREQ,OR,1
2605,VPSD63H3,PREREQ,AND,1
2606,WSTB05H3,PREREQ,OR,1
2607,WSTB06H3,PREREQ,AND,1
2608,WSTB09H3,PREREQ,OR,1
2609,WSTB09H3,PREREQ,OR,2
2610,WSTB10H3,PREREQ,AND,1
2611,WSTB11H3,PREREQ,OR,1
2612,WSTB12H3,PREREQ,OR,1
2613,WSTB12H3,PREREQ,AND,2
2614,WSTB13H3,PREREQ,OR,1
2615,WSTB20H3,PREREQ,OR,1
2616,WSTB23H3,PREREQ,OR,1
2617,WSTB23H3,PREREQ,OR,2
2618,WSTB25H3,PREREQ,AND,1
2619,WSTC02H3,PREREQ,AND,1
2620,WSTC10H3,PREREQ,OR,1
2621,WSTC10H3,PREREQ,AND,2
2622,WSTC12H3,PREREQ,AND,1
2623,WSTC13H3,PREREQ,OR,1
2624,WSTC13H3,PREREQ,AND,2
2625,WSTC13H3,PREREQ,OR,3
2626,WSTC14H3,PREREQ,OR,1
2627,WSTC16H3,PREREQ,OR,1
2628,WSTC16H3,PREREQ,OR,2
2629,WSTC21H3,PREREQ,OR,1
2630,WSTC21H3,PREREQ,OR,2
2631,WSTC22H3,PREREQ,OR,1
2632,WSTC22H3,PREREQ,OR,2
2633,WSTC22H3,PREREQ,OR,3
2634,WSTC23H3,PREREQ,AND,1
2635,WSTC24H3,PREREQ,OR,1
2636,WSTC24H3,PREREQ,AND,2
2637,WSTC24H3,PREREQ,OR,3
2638,WSTC25H3,PREREQ,AND,1
2639,WSTC25H3,PREREQ,AND,2
2640,WSTC26H3,PREREQ,AND,1
2641,WSTC28H3,PREREQ,AND,1
2642,WSTC28H3,PREREQ,OR,2
2643,WSTC40H3,PREREQ,AND,1
2644,WSTC40H3,PREREQ,OR,2
2645,WSTC97H3,PREREQ,OR,1
2646,WSTD08H3,PREREQ,OR,1
2647,WSTD09H3,PREREQ,AND,1
2648,WSTD09H3,PREREQ,OR,2
2649,WSTD10H3,PREREQ,OR,1
2650,WSTD11H3,PREREQ,OR,1
2651,WSTD11H3,PREREQ,AND,2
2652,WSTD16H3,PREREQ,AND,1
2653,WSTD30H3,PREREQ,AND,1
2654,WSTD30H3,PREREQ,AND,2
2655,WSTD46H3,PREREQ,OR,1
2656,WSTD46H3,PREREQ,OR,2
2657,WSTD46H3,PREREQ,AND,3
2658,WSTD46H3,PREREQ,OR,4
